,sample_mean_score,sample_variance_score,scores,Actor (Policy Function) Loss_mean,Critic (Value Function) MSE Loss_mean,Actor (Policy Function) Loss_variance,Critic (Value Function) MSE Loss_variance
0,0.010000000000002007,0.0,0.010000000000002007,0.0,0.0,0.0,0.0
1,0.1850000000000026,0.06125000000000042,0.3600000000000032,0.0,0.0,0.0,0.0
2,0.3733333333333363,0.137033333333334,0.7500000000000038,0.0,0.0,0.0,0.0
3,0.33500000000000263,0.09723333333333388,0.22000000000000175,0.0,0.0,0.0,0.0
4,0.2420000000000024,0.1161700000000006,-0.12999999999999845,0.0,0.0,0.0,0.0
5,0.4200000000000027,0.2830400000000012,1.3100000000000043,0.0,0.0,0.0,0.0
6,0.3300000000000025,0.29256666666666786,-0.20999999999999863,0.0,0.0,0.0,0.0
7,0.44875000000000276,0.36358392857143,1.2800000000000042,0.0,0.0,0.0,0.0
8,0.3988888888888915,0.3405111111111125,1.6653345369377348e-15,0.0,0.0,0.0,0.0
9,0.4320000000000026,0.3136400000000012,0.7300000000000022,0.0,0.0,0.0,0.0
10,0.41454545454545705,0.28562727272727384,0.24000000000000177,0.0,0.0,0.0,0.0
11,0.6108333333333361,0.7220083333333356,2.770000000000006,0.0,0.0,0.0,0.0
12,0.5784615384615412,0.6754641025641046,0.1900000000000026,0.0,0.0,0.0,0.0
13,0.6821428571428599,0.7740027472527492,2.030000000000003,0.0,0.0,0.0,0.0
14,0.7240000000000029,0.7449971428571448,1.3100000000000043,0.0,0.0,0.0,0.0
15,0.7906250000000029,0.7663529166666687,1.7900000000000038,0.0,0.0,0.0,0.0
16,0.8023529411764736,0.7207941176470607,0.990000000000004,0.0,0.0,0.0,0.0
17,0.8772222222222253,0.7792918300653615,2.150000000000005,0.0,0.0,0.0,0.0
18,0.8305263157894768,0.7774274853801191,-0.009999999999998344,0.0,0.0,0.0,0.0
19,0.825500000000003,0.7370155263157914,0.7300000000000022,0.0,0.0,0.0,0.0
20,0.8433333333333364,0.7068433333333352,1.2000000000000042,0.0,0.0,0.0,0.0
21,0.8631818181818212,0.6818512987013005,1.2800000000000025,0.0,0.0,0.0,0.0
22,0.860000000000003,0.6510909090909108,0.7900000000000023,0.0,0.0,0.0,0.0
23,0.8154166666666696,0.6704867753623206,-0.20999999999999863,0.0,0.0,0.0,0.0
24,0.7824000000000029,0.669802333333335,-0.00999999999999801,0.0,0.0,0.0,0.0
25,0.7438461538461567,0.6816566153846172,-0.21999999999999864,0.0,0.0,0.0,0.0
26,0.7366666666666696,0.656830769230771,0.5500000000000029,0.0,0.0,0.0,0.0
27,0.740000000000003,0.6328148148148166,0.8300000000000036,0.0,0.0,0.0,0.0
28,0.7262068965517271,0.6157315270935978,0.3400000000000023,0.0,0.0,0.0,0.0
29,0.7236666666666696,0.5946929885057488,0.6500000000000021,0.0,0.0,0.0,0.0
30,0.7348387096774223,0.578739139784948,1.070000000000004,0.0,0.0,0.0,0.0
31,0.749687500000003,0.567125705645163,1.2100000000000033,0.0,0.0,0.0,0.0
32,0.7375757575757605,0.554243939393941,0.35000000000000253,0.0,0.0,0.0,0.0
33,0.7235294117647089,0.5441568627450996,0.2600000000000027,0.0,0.0,0.0,0.0
34,0.7142857142857173,0.5311428571428587,0.40000000000000235,0.0,0.0,0.0,0.0
35,0.7002777777777808,0.5230313492063507,0.21000000000000263,0.0,0.0,0.0,0.0
36,0.681081081081084,0.5221376876876893,-0.00999999999999801,0.0,0.0,0.0,0.0
37,0.6694736842105292,0.5131456614509261,0.24000000000000266,0.0,0.0,0.0,0.0
38,0.64717948717949,0.5190260458839421,-0.1999999999999985,0.0,0.0,0.0,0.0
39,0.6557500000000028,0.5086558333333348,0.990000000000004,0.0,0.0,0.0,0.0
40,0.6343902439024418,0.5146452439024405,-0.21999999999999864,0.0,0.0,0.0,0.0
41,0.6223809523809551,0.5081502903600479,0.1300000000000019,0.0,0.0,0.0,0.0
42,0.6448837209302354,0.5178255813953503,1.5900000000000045,0.0,0.0,0.0,0.0
43,0.638181818181821,0.507759408033828,0.350000000000003,0.0,0.0,0.0,0.0
44,0.634222222222225,0.49692494949495086,0.4600000000000035,0.0,0.0,0.0,0.0
45,0.6341304347826116,0.48588256038647476,0.6300000000000037,0.0,0.0,0.0,0.0
46,0.6159574468085135,0.4908419981498626,-0.21999999999999864,0.0,0.0,0.0,0.0
47,0.6079166666666695,0.48350195035461124,0.2300000000000031,0.0,0.0,0.0,0.0
48,0.6075510204081661,0.47343554421768835,0.590000000000003,0.0,0.0,0.0,0.0
49,0.6284000000000028,0.48550759183673603,1.6500000000000046,0.0,0.0,0.0,0.0
50,0.6141176470588263,0.4862007058823543,-0.09999999999999842,0.0,0.0,0.0,0.0
51,0.623653846153849,0.4813961915535458,1.1100000000000032,0.0,0.0,0.0,0.0
52,0.6179245283018896,0.47387830188679375,0.3200000000000027,0.0,0.0,0.0,0.0
53,0.6498148148148176,0.5198546820405324,2.340000000000004,0.0,0.0,0.0,0.0
54,0.6507272727272755,0.5102735353535367,0.7000000000000028,0.0,0.0,0.0,0.0
55,0.6439285714285742,0.503584285714287,0.2700000000000018,0.0,0.0,0.0,0.0
56,0.6435087719298274,0.49460175438596615,0.6200000000000037,0.0,0.0,0.0,0.0
57,0.669310344827589,0.5245363581367225,2.140000000000005,0.0,0.0,0.0,0.0
58,0.6713559322033926,0.5157395090590312,0.7900000000000038,0.0,0.0,0.0,0.0
59,0.6728333333333362,0.5071291242937866,0.7600000000000038,0.0,0.0,0.0,0.0
60,0.6654098360655766,0.5020385792349741,0.22000000000000175,0.0,0.0,0.0,0.0
61,0.6514516129032286,0.505888022210472,-0.1999999999999985,0.0,0.0,0.0,0.0
62,0.653174603174606,0.4979155657962123,0.7600000000000022,0.0,0.0,0.0,0.0
63,0.6543750000000028,0.49010436507936644,0.7300000000000038,0.0,0.0,0.0,0.0
64,0.6423076923076951,0.49191177884615517,-0.12999999999999845,0.0,0.0,0.0,0.0
65,0.6306060606060634,0.4933811655011669,-0.12999999999999845,0.0,0.0,0.0,0.0
66,0.6441791044776147,0.49824893713252066,1.5400000000000045,0.0,0.0,0.0,0.0
67,0.6750000000000028,0.5554074626865687,2.7400000000000055,0.0,0.0,0.0,0.0
68,0.6713043478260897,0.5481820971867023,0.42000000000000237,0.0,0.0,0.0,0.0
69,0.6648571428571456,0.5431470807453431,0.22000000000000175,0.0,0.0,0.0,0.0
70,0.6678873239436647,0.5360397585513094,0.8800000000000023,0.0,0.0,0.0,0.0
71,0.6665277777777805,0.5286229851330217,0.570000000000003,0.0,0.0,0.0,0.0
72,0.6545205479452082,0.5318056697108082,-0.20999999999999863,0.0,0.0,0.0,0.0
73,0.6429729729729756,0.534388300629398,-0.1999999999999985,0.0,0.0,0.0,0.0
74,0.6460000000000027,0.5278540540540556,0.8700000000000039,0.0,0.0,0.0,0.0
75,0.6409210526315816,0.5227764736842121,0.26000000000000334,0.0,0.0,0.0,0.0
76,0.6394805194805222,0.5160576213260439,0.5300000000000029,0.0,0.0,0.0,0.0
77,0.6434615384615412,0.5105917582417597,0.950000000000004,0.0,0.0,0.0,0.0
78,0.6532911392405091,0.5116787731256102,1.4200000000000044,0.0,0.0,0.0,0.0
79,0.6461250000000027,0.5093101107594953,0.08000000000000251,0.0,0.0,0.0,0.0
80,0.6355555555555583,0.5119925000000016,-0.20999999999999863,0.0,0.0,0.0,0.0
81,0.6253658536585394,0.5141856669677825,-0.1999999999999985,0.0,0.0,0.0,0.0
82,0.6154216867469907,0.5161226858654145,-0.1999999999999985,0.0,0.0,0.0,0.0
83,0.6122619047619076,0.5107430149168117,0.3500000000000023,0.0,0.0,0.0,0.0
84,0.6108235294117675,0.5048385994397775,0.49000000000000266,0.0,0.0,0.0,0.0
85,0.6110465116279098,0.4989035978112191,0.6300000000000037,0.0,0.0,0.0,0.0
86,0.6059770114942556,0.4953382785351526,0.1700000000000026,0.0,0.0,0.0,0.0
87,0.6015909090909118,0.4913376698014645,0.22000000000000175,0.0,0.0,0.0,0.0
88,0.5925842696629241,0.4929739274770189,-0.1999999999999985,0.0,0.0,0.0,0.0
89,0.5837777777777805,0.4944147815230977,-0.1999999999999985,0.0,0.0,0.0,0.0
90,0.5857142857142884,0.4892625396825413,0.7600000000000022,0.0,0.0,0.0,0.0
91,0.5784782608695679,0.48870315336837233,-0.0799999999999984,0.0,0.0,0.0,0.0
92,0.5734408602150565,0.4857510752688188,0.11000000000000254,0.0,0.0,0.0,0.0
93,0.5659574468085133,0.4857920841912622,-0.12999999999999845,0.0,0.0,0.0,0.0
94,0.5790526315789501,0.49691505039193895,1.8100000000000047,0.0,0.0,0.0,0.0
95,0.5777083333333362,0.4918578508771946,0.4500000000000035,0.0,0.0,0.0,0.0
96,0.5743298969072194,0.48784147336769923,0.25000000000000266,0.0,0.0,0.0,0.0
97,0.5664285714285743,0.48893041237113566,-0.1999999999999985,0.0,0.0,0.0,0.0
98,0.5652525252525281,0.48407825190682496,0.45000000000000284,0.0,0.0,0.0,0.0
99,0.5679000000000028,0.4798894848484865,0.8300000000000036,0.0,0.0,0.0,0.0
100,0.5754455445544583,0.48084104950495216,1.3300000000000043,0.0,0.0,0.0,0.0
101,0.5771568627451009,0.4763789652494678,0.7500000000000038,0.0,0.0,0.0,0.0
102,0.5813592233009738,0.47352754616409837,1.0100000000000031,0.0,0.0,0.0,0.0
103,0.5736538461538491,0.4751049663928321,-0.21999999999999864,0.0,0.0,0.0,0.0
104,0.5683809523809553,0.4734560073260089,0.020000000000002238,0.0,0.0,0.0,0.0
105,0.5641509433962294,0.470843557951484,0.12000000000000255,0.0,0.0,0.0,0.0
106,0.5590654205607506,0.46916892964204004,0.020000000000001572,0.0,0.0,0.0,0.0
107,0.55203703703704,0.4701191761855329,-0.1999999999999985,0.0,0.0,0.0,0.0
108,0.5611009174311956,0.47472099898063363,1.5400000000000045,0.0,0.0,0.0,0.0
109,0.5541818181818211,0.47563189324437194,-0.1999999999999985,0.0,0.0,0.0,0.0
110,0.5473873873873903,0.47643220311220474,-0.1999999999999985,0.0,0.0,0.0,0.0
111,0.5533035714285743,0.47606015926641093,1.2100000000000033,0.0,0.0,0.0,0.0
112,0.5739823008849587,0.5201295353982319,2.890000000000006,0.0,0.0,0.0,0.0
113,0.5804385964912311,0.5202785669927048,1.3100000000000043,0.0,0.0,0.0,0.0
114,0.5896521739130465,0.5254770709382169,1.6400000000000046,0.0,0.0,0.0,0.0
115,0.5858620689655202,0.52257403298351,0.1500000000000017,0.0,0.0,0.0,0.0
116,0.58709401709402,0.5182466548776911,0.7300000000000022,0.0,0.0,0.0,0.0
117,0.58805084745763,0.5139252281616706,0.7000000000000037,0.0,0.0,0.0,0.0
118,0.5888235294117676,0.5096409770687954,0.6800000000000033,0.0,0.0,0.0,0.0
119,0.5822500000000029,0.5105436344537833,-0.1999999999999985,0.0,0.0,0.0,0.0
120,0.5797520661157054,0.5070441046831974,0.2800000000000018,0.0,0.0,0.0,0.0
121,0.5883606557377079,0.5118948110012211,1.6300000000000046,0.0,0.0,0.0,0.0
122,0.5913008130081331,0.5087622284419584,0.9500000000000024,0.0,0.0,0.0,0.0
123,0.5859677419354868,0.5081527143981135,-0.06999999999999829,0.0,0.0,0.0,0.0
124,0.590160000000003,0.506251587096776,1.1100000000000032,0.0,0.0,0.0,0.0
125,0.5843650793650824,0.5064327936507954,-0.13999999999999857,0.0,0.0,0.0,0.0
126,0.5866929133858299,0.5031016747906529,0.8800000000000039,0.0,0.0,0.0,0.0
127,0.5833593750000031,0.5005626414862222,0.16000000000000258,0.0,0.0,0.0,0.0
128,0.5826356589147318,0.4967195615310095,0.4900000000000033,0.0,0.0,0.0,0.0
129,0.5837692307692339,0.4930360703637465,0.7300000000000022,0.0,0.0,0.0,0.0
130,0.5784732824427512,0.49291765120375974,-0.10999999999999843,0.0,0.0,0.0,0.0
131,0.5765151515151546,0.4896610455702076,0.32000000000000317,0.0,0.0,0.0,0.0
132,0.5758646616541385,0.48600776942356066,0.4900000000000029,0.0,0.0,0.0,0.0
133,0.5700746268656748,0.48684585905061334,-0.1999999999999985,0.0,0.0,0.0,0.0
134,0.5643703703703735,0.48760538419016203,-0.1999999999999985,0.0,0.0,0.0,0.0
135,0.5588235294117678,0.488177864923749,-0.1899999999999985,0.0,0.0,0.0,0.0
136,0.5600729927007331,0.4848022005152443,0.7300000000000038,0.0,0.0,0.0,0.0
137,0.5571014492753654,0.48248204802708305,0.1500000000000028,0.0,0.0,0.0,0.0
138,0.5594244604316578,0.4797358982379331,0.8800000000000037,0.0,0.0,0.0,0.0
139,0.5569285714285745,0.47715668550873763,0.21000000000000285,0.0,0.0,0.0,0.0
140,0.5515602836879464,0.4778118338399207,-0.1999999999999985,0.0,0.0,0.0,0.0
141,0.5555633802816933,0.47669861652182777,1.1200000000000023,0.0,0.0,0.0,0.0
142,0.5505594405594437,0.4769222200334894,-0.15999999999999848,0.0,0.0,0.0,0.0
143,0.5568750000000032,0.47933072552447725,1.4600000000000044,0.0,0.0,0.0,0.0
144,0.5557241379310377,0.4761940900383159,0.39000000000000323,0.0,0.0,0.0,0.0
145,0.5535616438356197,0.4735927444496947,0.24000000000000177,0.0,0.0,0.0,0.0
146,0.5575510204081665,0.4726884819681314,1.1400000000000041,0.0,0.0,0.0,0.0
147,0.5684459459459492,0.487040425629713,2.1700000000000035,0.0,0.0,0.0,0.0
148,0.5860402684563791,0.5298740794485778,3.1900000000000057,0.0,0.0,0.0,0.0
149,0.5815333333333366,0.5293647472035812,-0.08999999999999853,0.0,0.0,0.0,0.0
150,0.5789403973509966,0.5268508697571761,0.1900000000000026,0.0,0.0,0.0,0.0
151,0.5878289473684243,0.5353707520041844,1.9300000000000048,0.0,0.0,0.0,0.0
152,0.5860784313725522,0.5323174148606828,0.32000000000000184,0.0,0.0,0.0,0.0
153,0.5863636363636395,0.5288507427213327,0.6300000000000032,0.0,0.0,0.0,0.0
154,0.5837419354838741,0.5264820108923352,0.18000000000000171,0.0,0.0,0.0,0.0
155,0.5842307692307723,0.5231226302729545,0.6600000000000037,0.0,0.0,0.0,0.0
156,0.5872611464968184,0.5212110403397043,1.060000000000004,0.0,0.0,0.0,0.0
157,0.5821518987341803,0.5220157220027429,-0.21999999999999864,0.0,0.0,0.0,0.0
158,0.5829559748427704,0.5188146246317985,0.7100000000000033,0.0,0.0,0.0,0.0
159,0.5780625000000031,0.5193830149371086,-0.1999999999999985,0.0,0.0,0.0,0.0
160,0.5751552795031087,0.5174976319875793,0.11000000000000187,0.0,0.0,0.0,0.0
161,0.5753703703703735,0.5142908557625965,0.6100000000000037,0.0,0.0,0.0,0.0
162,0.573312883435586,0.5118062410058336,0.24000000000000177,0.0,0.0,0.0,0.0
163,0.5685975609756129,0.5123127450246912,-0.1999999999999985,0.0,0.0,0.0,0.0
164,0.5689696969697001,0.5092117368810067,0.6300000000000037,0.0,0.0,0.0,0.0
165,0.5672289156626538,0.5066286381891217,0.2800000000000018,0.0,0.0,0.0,0.0
166,0.5654491017964104,0.5041056705865393,0.270000000000002,0.0,0.0,0.0,0.0
167,0.574464285714289,0.5147410286569734,2.080000000000005,0.0,0.0,0.0,0.0
168,0.5698224852071039,0.5153184206818838,-0.20999999999999863,0.0,0.0,0.0,0.0
169,0.5674117647058856,0.5132571667246797,0.16000000000000258,0.0,0.0,0.0,0.0
170,0.5656725146198863,0.5107552803577587,0.27000000000000224,0.0,0.0,0.0,0.0
171,0.5634883720930265,0.5085889296885641,0.19000000000000172,0.0,0.0,0.0,0.0
172,0.5663583815028934,0.5070570103508552,1.060000000000004,0.0,0.0,0.0,0.0
173,0.5618390804597734,0.5076798352268967,-0.21999999999999864,0.0,0.0,0.0,0.0
174,0.5657714285714318,0.5074682233169144,1.2500000000000042,0.0,0.0,0.0,0.0
175,0.5671590909090941,0.5049073116883132,0.8100000000000038,0.0,0.0,0.0,0.0
176,0.5887570621468958,0.584604128145867,4.390000000000006,0.0,0.0,0.0,0.0
177,0.5882022471910144,0.5813560718593299,0.49000000000000354,0.0,0.0,0.0,0.0
178,0.5843575418994446,0.5807359613332512,-0.09999999999999842,0.0,0.0,0.0,0.0
179,0.5960555555555588,0.6021234605834901,2.6900000000000057,0.0,0.0,0.0,0.0
180,0.5998342541436497,0.60136275015347,1.280000000000003,0.0,0.0,0.0,0.0
181,0.6095604395604428,0.6152572642826802,2.3700000000000054,0.0,0.0,0.0,0.0
182,0.6133333333333366,0.6144816849816865,1.300000000000003,0.0,0.0,0.0,0.0
183,0.6121739130434816,0.6113712045616552,0.4000000000000019,0.0,0.0,0.0,0.0
184,0.6103783783783817,0.6086449647473576,0.2800000000000027,0.0,0.0,0.0,0.0
185,0.6142473118279603,0.6081391601278714,1.3300000000000043,0.0,0.0,0.0,0.0
186,0.6098930481283455,0.6084150422632412,-0.1999999999999985,0.0,0.0,0.0,0.0
187,0.6112765957446842,0.605521356240757,0.8700000000000028,0.0,0.0,0.0,0.0
188,0.6113227513227547,0.6023009005966469,0.6200000000000037,0.0,0.0,0.0,0.0
189,0.6174210526315823,0.60618008632693,1.7700000000000047,0.0,0.0,0.0,0.0
190,0.6131413612565478,0.6064879746486651,-0.1999999999999985,0.0,0.0,0.0,0.0
191,0.61635416666667,0.6052944917102983,1.2300000000000038,0.0,0.0,0.0,0.0
192,0.6416062176165837,0.7252114691278083,5.490000000000007,0.0,0.0,0.0,0.0
193,0.6455154639175291,0.7244186448373501,1.4000000000000044,0.0,0.0,0.0,0.0
194,0.641589743589747,0.723689727729317,-0.11999999999999844,0.0,0.0,0.0,0.0
195,0.6423469387755136,0.7200908738880183,0.7900000000000038,0.0,0.0,0.0,0.0
196,0.6415228426395974,0.7165507303429002,0.48000000000000265,0.0,0.0,0.0,0.0
197,0.6441919191919226,0.714323962980056,1.1700000000000037,0.0,0.0,0.0,0.0
198,0.6425628140703552,0.7112444089132547,0.3200000000000034,0.0,0.0,0.0,0.0
199,0.6383500000000034,0.7112198768844237,-0.1999999999999985,0.0,0.0,0.0,0.0
200,0.6387064676616949,0.7076893184079619,0.7100000000000022,0.0,0.0,0.0,0.0
201,0.6345544554455479,0.7076507955273156,-0.19999999999999862,0.0,0.0,0.0,0.0
202,0.6334482758620723,0.7043959713212719,0.41000000000000325,0.0,0.0,0.0,0.0
203,0.6386764705882386,0.7065021805273851,1.7000000000000042,0.0,0.0,0.0,0.0
204,0.6346829268292716,0.7063083548541386,-0.1799999999999986,0.0,0.0,0.0,0.0
205,0.6306310679611684,0.7062449656642216,-0.1999999999999985,0.0,0.0,0.0,0.0
206,0.6270048309178777,0.7055385582289779,-0.11999999999999855,0.0,0.0,0.0,0.0
207,0.6260096153846187,0.7023361738201431,0.42000000000000326,0.0,0.0,0.0,0.0
208,0.6274641148325393,0.6994017114464501,0.9300000000000039,0.0,0.0,0.0,0.0
209,0.6234761904761938,0.6993950353155635,-0.20999999999999863,0.0,0.0,0.0,0.0
210,0.6309004739336527,0.7076948995712048,2.190000000000004,0.0,0.0,0.0,0.0
211,0.6269811320754751,0.707597478315302,-0.1999999999999985,0.0,0.0,0.0,0.0
212,0.6276056338028203,0.7043428248737729,0.7600000000000022,0.0,0.0,0.0,0.0
213,0.6324766355140221,0.706113555789568,1.6700000000000046,0.0,0.0,0.0,0.0
214,0.6308837209302359,0.7033594957617928,0.29000000000000314,0.0,0.0,0.0,0.0
215,0.6289814814814848,0.7008696554694248,0.22000000000000175,0.0,0.0,0.0,0.0
216,0.6253917050691278,0.7004212578938405,-0.14999999999999847,0.0,0.0,0.0,0.0
217,0.6238990825688107,0.6976791971420134,0.3000000000000018,0.0,0.0,0.0,0.0
218,0.6215525114155285,0.6956847346152253,0.11000000000000254,0.0,0.0,0.0,0.0
219,0.6235909090909124,0.6934222063096739,1.070000000000004,0.0,0.0,0.0,0.0
220,0.6252036199095056,0.6908450719868385,0.9800000000000035,0.0,0.0,0.0,0.0
221,0.6233783783783817,0.6884586706616136,0.22000000000000175,0.0,0.0,0.0,0.0
222,0.6221524663677164,0.6856926433159635,0.3500000000000032,0.0,0.0,0.0,0.0
223,0.6214285714285748,0.6827351697629742,0.4600000000000042,0.0,0.0,0.0,0.0
224,0.6186222222222255,0.6814592539682557,-0.009999999999998344,0.0,0.0,0.0,0.0
225,0.6150000000000033,0.6813957777777795,-0.1999999999999985,0.0,0.0,0.0,0.0
226,0.6171365638766553,0.6794169856925673,1.100000000000004,0.0,0.0,0.0,0.0
227,0.6138596491228103,0.678872262153182,-0.12999999999999845,0.0,0.0,0.0,0.0
228,0.6126200873362478,0.6762466138052572,0.33000000000000185,0.0,0.0,0.0,0.0
229,0.6090000000000033,0.6763077292576436,-0.21999999999999864,0.0,0.0,0.0,0.0
230,0.613636363636367,0.6783328063241123,1.6800000000000046,0.0,0.0,0.0,0.0
231,0.6147844827586241,0.6757021178534125,0.8800000000000039,0.0,0.0,0.0,0.0
232,0.617768240343351,0.6748639632973228,1.310000000000003,0.0,0.0,0.0,0.0
233,0.6158119658119692,0.6728630717875368,0.16000000000000258,0.0,0.0,0.0,0.0
234,0.615021276595748,0.670134508092382,0.4300000000000024,0.0,0.0,0.0,0.0
235,0.6150423728813592,0.6672829769203044,0.6200000000000032,0.0,0.0,0.0,0.0
236,0.6161603375527459,0.6647517199456497,0.8800000000000028,0.0,0.0,0.0,0.0
237,0.6138655462184907,0.6632001843775499,0.0700000000000025,0.0,0.0,0.0,0.0
238,0.6120920502092083,0.6611653528356964,0.19000000000000217,0.0,0.0,0.0,0.0
239,0.61079166666667,0.6588048099721074,0.30000000000000293,0.0,0.0,0.0,0.0
240,0.6121161825726174,0.6564825864453679,0.9300000000000039,0.0,0.0,0.0,0.0
241,0.6132644628099206,0.6540776808065581,0.8900000000000039,0.0,0.0,0.0,0.0
242,0.6161728395061762,0.653430333639426,1.3200000000000043,0.0,0.0,0.0,0.0
243,0.6129098360655771,0.6533392346353654,-0.1799999999999985,0.0,0.0,0.0,0.0
244,0.6100000000000033,0.652736065573772,-0.09999999999999842,0.0,0.0,0.0,0.0
245,0.606707317073174,0.652738909905427,-0.1999999999999985,0.0,0.0,0.0,0.0
246,0.6033198380566834,0.652919828182089,-0.22999999999999865,0.0,0.0,0.0,0.0
247,0.6015322580645194,0.651068897740631,0.1600000000000017,0.0,0.0,0.0,0.0
248,0.5999196787148627,0.6490911225547366,0.20000000000000262,0.0,0.0,0.0,0.0
249,0.6122000000000033,0.6841859036144593,3.6700000000000053,0.0,0.0,0.0,0.0
250,0.6125498007968161,0.6814798725099617,0.7000000000000037,0.0,0.0,0.0,0.0
251,0.6140079365079398,0.6793006055144516,0.9800000000000038,0.0,0.0,0.0,0.0
252,0.6140711462450626,0.676605979045111,0.6300000000000028,0.0,0.0,0.0,0.0
253,0.6132283464566963,0.6741120662288771,0.40000000000000324,0.0,0.0,0.0,0.0
254,0.610039215686278,0.6740515732592264,-0.1999999999999985,0.0,0.0,0.0,0.0
255,0.6111328125000034,0.6717143979779426,0.8900000000000039,0.0,0.0,0.0,0.0
256,0.6079766536965014,0.6716505775778224,-0.1999999999999985,0.0,0.0,0.0,0.0
257,0.6121705426356623,0.6735750369499004,1.6900000000000046,0.0,0.0,0.0,0.0
258,0.6105019305019339,0.671685406004012,0.1800000000000026,0.0,0.0,0.0,0.0
259,0.6167307692307726,0.6791796183546197,2.230000000000005,0.0,0.0,0.0,0.0
260,0.6153256704980877,0.6770826819923386,0.2500000000000031,0.0,0.0,0.0,0.0
261,0.6191984732824461,0.6784181290398072,1.6300000000000046,0.0,0.0,0.0,0.0
262,0.622053231939167,0.6779721040257757,1.3700000000000043,0.0,0.0,0.0,0.0
263,0.6189393939393973,0.6779540039175035,-0.1999999999999985,0.0,0.0,0.0,0.0
264,0.6194716981132109,0.6754610834762735,0.7600000000000029,0.0,0.0,0.0,0.0
265,0.6242857142857177,0.6790766576819421,1.9000000000000048,0.0,0.0,0.0,0.0
266,0.6211985018726626,0.6790684830052675,-0.1999999999999985,0.0,0.0,0.0,0.0
267,0.6184701492537348,0.6785201227011027,-0.10999999999999843,0.0,0.0,0.0,0.0
268,0.6171003717472153,0.6764930533207583,0.2500000000000022,0.0,0.0,0.0,0.0
269,0.6143333333333367,0.6760454646840164,-0.12999999999999845,0.0,0.0,0.0,0.0
270,0.6129889298893023,0.674031403580704,0.250000000000002,0.0,0.0,0.0,0.0
271,0.6102573529411799,0.6735737342630794,-0.12999999999999856,0.0,0.0,0.0,0.0
272,0.6072527472527507,0.6735619101486764,-0.20999999999999863,0.0,0.0,0.0,0.0
273,0.6059854014598575,0.6715347397128434,0.2600000000000018,0.0,0.0,0.0,0.0
274,0.6106181818181853,0.6749861128069027,1.8800000000000048,0.0,0.0,0.0,0.0
275,0.6076811594202933,0.6749124216073797,-0.1999999999999985,0.0,0.0,0.0,0.0
276,0.6134296028880901,0.6816204415842636,2.200000000000004,0.0,0.0,0.0,0.0
277,0.6146043165467661,0.6795433446744426,0.9400000000000039,0.0,0.0,0.0,0.0
278,0.6150179211469569,0.6771466723395494,0.7300000000000022,0.0,0.0,0.0,0.0
279,0.6148571428571463,0.674726861239121,0.5700000000000036,0.0,0.0,0.0,0.0
280,0.6119217081850569,0.6747384367056448,-0.20999999999999863,0.0,0.0,0.0,0.0
281,0.6143262411347553,0.6739676938997013,1.2900000000000043,0.0,0.0,0.0,0.0
282,0.6129328621908162,0.6721271834197947,0.22000000000000175,0.0,0.0,0.0,0.0
283,0.6152112676056373,0.6712264569750677,1.2600000000000042,0.0,0.0,0.0,0.0
284,0.6171228070175473,0.6699043686681508,1.1600000000000041,0.0,0.0,0.0,0.0
285,0.619650349650353,0.6693809299472473,1.3400000000000034,0.0,0.0,0.0,0.0
286,0.6179094076655086,0.6679102994566425,0.12000000000000255,0.0,0.0,0.0,0.0
287,0.6176041666666701,0.6656099194250887,0.5300000000000036,0.0,0.0,0.0,0.0
288,0.6357439446366816,0.7583946703191098,5.8600000000000065,0.0,0.0,0.0,0.0
289,0.6415517241379345,0.765552255100825,2.320000000000005,0.0,0.0,0.0,0.0
290,0.6399312714776667,0.7636765469842417,0.1700000000000017,0.0,0.0,0.0,0.0
291,0.6415410958904144,0.7618089570682125,1.110000000000004,0.0,0.0,0.0,0.0
292,0.6393515358361809,0.7606047150404431,1.9984014443252818e-15,0.0,0.0,0.0,0.0
293,0.6407823129251735,0.7586106486963404,1.060000000000004,0.0,0.0,0.0,0.0
294,0.6527118644067831,0.7980130289403915,4.160000000000006,0.0,0.0,0.0,0.0
295,0.6497972972973007,0.7978223316536894,-0.20999999999999863,0.0,0.0,0.0,0.0
296,0.649562289562293,0.7951433888433906,0.580000000000003,0.0,0.0,0.0,0.0
297,0.650604026845641,0.7927895329130247,0.960000000000004,0.0,0.0,0.0,0.0
298,0.6511036789297693,0.7902038113622607,0.8000000000000023,0.0,0.0,0.0,0.0
299,0.6519000000000034,0.7877512274247509,0.8900000000000039,0.0,0.0,0.0,0.0
300,0.6511295681063156,0.7853040531561479,0.42000000000000326,0.0,0.0,0.0,0.0
301,0.6566225165562947,0.7918071593584317,2.310000000000005,0.0,0.0,0.0,0.0
302,0.6552475247524785,0.7897581338928612,0.24000000000000266,0.0,0.0,0.0,0.0
303,0.6544078947368454,0.7873659848879643,0.40000000000000235,0.0,0.0,0.0,0.0
304,0.6560327868852491,0.7855812489214858,1.1500000000000041,0.0,0.0,0.0,0.0
305,0.6539869281045784,0.7842863473695507,0.03000000000000158,0.0,0.0,0.0,0.0
306,0.6532573289902313,0.7818867407549357,0.43000000000000305,0.0,0.0,0.0,0.0
307,0.6634415584415617,0.8112851854985424,3.7900000000000063,0.0,0.0,0.0,0.0
308,0.6606472491909418,0.8110638654226051,-0.1999999999999985,0.0,0.0,0.0,0.0
309,0.6578709677419388,0.8108284622611982,-0.1999999999999985,0.0,0.0,0.0,0.0
310,0.659292604501611,0.808841433461261,1.1000000000000032,0.0,0.0,0.0,0.0
311,0.6581730769230801,0.8066316998515971,0.31000000000000183,0.0,0.0,0.0,0.0
312,0.6590415335463291,0.8042824117309758,0.9300000000000039,0.0,0.0,0.0,0.0
313,0.6580891719745255,0.801997615026151,0.36000000000000343,0.0,0.0,0.0,0.0
314,0.6584761904761938,0.7994906642402201,0.7800000000000022,0.0,0.0,0.0,0.0
315,0.6570569620253197,0.7975890888085209,0.21000000000000285,0.0,0.0,0.0,0.0
316,0.6603154574132525,0.7984309128299342,1.6900000000000046,0.0,0.0,0.0,0.0
317,0.6590566037735882,0.7964161418963175,0.2600000000000018,0.0,0.0,0.0,0.0
318,0.6638871473354265,0.8013552828217126,2.200000000000004,0.0,0.0,0.0,0.0
319,0.6612187500000033,0.8011217074843278,-0.1899999999999985,0.0,0.0,0.0,0.0
320,0.6598442367601279,0.7992246631619955,0.22000000000000175,0.0,0.0,0.0,0.0
321,0.6617391304347859,0.7978910469998662,1.2700000000000042,0.0,0.0,0.0,0.0
322,0.6590712074303439,0.7977121781435702,-0.1999999999999985,0.0,0.0,0.0,0.0
323,0.6564197530864231,0.7975202690822933,-0.1999999999999985,0.0,0.0,0.0,0.0
324,0.6566153846153879,0.7950712250712266,0.7200000000000037,0.0,0.0,0.0,0.0
325,0.6561042944785309,0.7927100075507331,0.4900000000000029,0.0,0.0,0.0,0.0
326,0.6562996941896058,0.7902908669630979,0.7200000000000037,0.0,0.0,0.0,0.0
327,0.6553658536585399,0.7881601103900963,0.350000000000003,0.0,0.0,0.0,0.0
328,0.6541641337386052,0.7862323022462763,0.2600000000000031,0.0,0.0,0.0,0.0
329,0.654636363636367,0.7839161287648536,0.8100000000000038,0.0,0.0,0.0,0.0
330,0.6519939577039309,0.7838517696603512,-0.21999999999999864,0.0,0.0,0.0,0.0
331,0.6496385542168709,0.7833255487205635,-0.12999999999999856,0.0,0.0,0.0,0.0
332,0.6473873873873908,0.7826536958645407,-0.09999999999999842,0.0,0.0,0.0,0.0
333,0.6464970059880273,0.7805681726636832,0.3500000000000034,0.0,0.0,0.0,0.0
334,0.6506865671641825,0.7841112038609364,2.0500000000000043,0.0,0.0,0.0,0.0
335,0.6490773809523843,0.7826406387704351,0.11000000000000254,0.0,0.0,0.0,0.0
336,0.6498516320474811,0.7805133707785801,0.9100000000000039,0.0,0.0,0.0,0.0
337,0.6636686390532578,0.8427247800818234,5.3200000000000065,0.0,0.0,0.0,0.0
338,0.6635988200590004,0.8402331640222738,0.6400000000000023,0.0,0.0,0.0,0.0
339,0.6642647058823563,0.8379053574527172,0.8900000000000039,0.0,0.0,0.0,0.0
340,0.6626686217008831,0.8363096222183904,0.12000000000000255,0.0,0.0,0.0,0.0
341,0.6606140350877227,0.835300794875754,-0.03999999999999837,0.0,0.0,0.0,0.0
342,0.6627988338192453,0.8344956523962985,1.4100000000000044,0.0,0.0,0.0,0.0
343,0.6606395348837243,0.8336666451962861,-0.0799999999999984,0.0,0.0,0.0,0.0
344,0.6591884057971048,0.8319696882372785,0.16000000000000258,0.0,0.0,0.0,0.0
345,0.6568497109826623,0.8314506266231064,-0.14999999999999847,0.0,0.0,0.0,0.0
346,0.6552161383285336,0.8299735803168381,0.09000000000000186,0.0,0.0,0.0,0.0
347,0.655114942528739,0.8275852893438025,0.6200000000000037,0.0,0.0,0.0,0.0
348,0.6573065902578831,0.826883529295526,1.4200000000000044,0.0,0.0,0.0,0.0
349,0.6548571428571462,0.8266141629144512,-0.19999999999999862,0.0,0.0,0.0,0.0
350,0.6535042735042769,0.8248948278388296,0.1800000000000026,0.0,0.0,0.0,0.0
351,0.6523295454545488,0.823030455192957,0.24000000000000177,0.0,0.0,0.0,0.0
352,0.6501416430594934,0.8223820821529764,-0.11999999999999844,0.0,0.0,0.0,0.0
353,0.6476836158192123,0.8221912197308,-0.21999999999999864,0.0,0.0,0.0,0.0
354,0.6477746478873272,0.8198715874910499,0.6800000000000037,0.0,0.0,0.0,0.0
355,0.6453932584269695,0.819580971672735,-0.1999999999999985,0.0,0.0,0.0,0.0
356,0.6508683473389387,0.8279804236301282,2.6000000000000054,0.0,0.0,0.0,0.0
357,0.6516759776536344,0.8258946622224329,0.9400000000000024,0.0,0.0,0.0,0.0
358,0.6518384401114237,0.8235971693562213,0.7100000000000037,0.0,0.0,0.0,0.0
359,0.6495000000000031,0.8232716155988878,-0.18999999999999861,0.0,0.0,0.0,0.0
360,0.6476177285318591,0.8222637534626059,-0.02999999999999836,0.0,0.0,0.0,0.0
361,0.6501381215469645,0.822285576437461,1.5600000000000045,0.0,0.0,0.0,0.0
362,0.6526446280991767,0.8222946440801812,1.560000000000004,0.0,0.0,0.0,0.0
363,0.6515659340659372,0.8204529129960969,0.2600000000000018,0.0,0.0,0.0,0.0
364,0.6516986301369895,0.8182053484871314,0.7000000000000022,0.0,0.0,0.0,0.0
365,0.6496721311475442,0.8174667415225711,-0.08999999999999841,0.0,0.0,0.0,0.0
366,0.6474114441416926,0.8171088548413534,-0.1799999999999985,0.0,0.0,0.0,0.0
367,0.6452989130434815,0.8165247060478638,-0.12999999999999845,0.0,0.0,0.0,0.0
368,0.6453658536585398,0.8143075424178177,0.6700000000000037,0.0,0.0,0.0,0.0
369,0.6439189189189222,0.812875386361974,0.11000000000000187,0.0,0.0,0.0,0.0
370,0.6416442048517552,0.812598100094706,-0.1999999999999985,0.0,0.0,0.0,0.0
371,0.6411021505376376,0.8105171108309445,0.4400000000000033,0.0,0.0,0.0,0.0
372,0.6399731903485287,0.808813708956732,0.22000000000000175,0.0,0.0,0.0,0.0
373,0.642914438502677,0.8098807594156378,1.7400000000000029,0.0,0.0,0.0,0.0
374,0.65178666666667,0.8372339650623908,3.970000000000004,0.0,0.0,0.0,0.0
375,0.6505585106383012,0.8355684872340446,0.1900000000000026,0.0,0.0,0.0,0.0
376,0.6513262599469529,0.833568449122413,0.9400000000000039,0.0,0.0,0.0,0.0
377,0.6545502645502679,0.8352864019760592,1.8700000000000048,0.0,0.0,0.0,0.0
378,0.6557519788918239,0.8336239700688269,1.1100000000000037,0.0,0.0,0.0,0.0
379,0.6548421052631612,0.8317390251353999,0.31000000000000183,0.0,0.0,0.0,0.0
380,0.6569816272965913,0.8312942865036628,1.4700000000000044,0.0,0.0,0.0,0.0
381,0.6555497382198986,0.8298956287532142,0.11000000000000254,0.0,0.0,0.0,0.0
382,0.6543864229765046,0.8282414419094248,0.21000000000000285,0.0,0.0,0.0,0.0
383,0.6535156250000033,0.8263701146377306,0.3200000000000034,0.0,0.0,0.0,0.0
384,0.6584935064935098,0.8337581412337683,2.5700000000000056,0.0,0.0,0.0,0.0
385,0.658212435233164,0.8316230300787316,0.5500000000000036,0.0,0.0,0.0,0.0
386,0.655994832041347,0.8313717409058676,-0.1999999999999985,0.0,0.0,0.0,0.0
387,0.6548195876288693,0.8297593988918214,0.20000000000000284,0.0,0.0,0.0,0.0
388,0.6572236503856074,0.8298690761402507,1.5900000000000032,0.0,0.0,0.0,0.0
389,0.6554358974359007,0.82898220025048,-0.03999999999999826,0.0,0.0,0.0,0.0
390,0.65590792838875,0.8269437248344175,0.8400000000000023,0.0,0.0,0.0,0.0
391,0.6537244897959216,0.8266976016493573,-0.1999999999999985,0.0,0.0,0.0,0.0
392,0.654376590330792,0.8247557965934486,0.9100000000000033,0.0,0.0,0.0,0.0
393,0.6530964467005108,0.823302855814316,0.15000000000000235,0.0,0.0,0.0,0.0
394,0.651468354430383,0.8222602750112467,0.010000000000001563,0.0,0.0,0.0,0.0
395,0.6493434343434376,0.8219666564377978,-0.1899999999999985,0.0,0.0,0.0,0.0
396,0.6483375314861493,0.8202926837646002,0.25000000000000333,0.0,0.0,0.0,0.0
397,0.6490703517587971,0.8184401915117168,0.9400000000000039,0.0,0.0,0.0,0.0
398,0.6471428571428604,0.8178661880832756,-0.11999999999999844,0.0,0.0,0.0,0.0
399,0.6563500000000032,0.8497249899749394,4.3300000000000045,0.0,0.0,0.0,0.0
400,0.6563840399002526,0.8476011421446404,0.6700000000000035,0.0,0.0,0.0,0.0
401,0.6593283582089585,0.8489723657274744,1.8400000000000047,0.0,0.0,0.0,0.0
402,0.6605210918114177,0.8474338073898517,1.1400000000000023,0.0,0.0,0.0,0.0
403,0.6589108910891123,0.8463784635039207,0.010000000000001785,0.0,0.0,0.0,0.0
404,0.6567901234567934,0.8461050177239967,-0.1999999999999985,0.0,0.0,0.0,0.0
405,0.659778325123156,0.8476411853068196,1.8700000000000039,0.0,0.0,0.0,0.0
406,0.665675675675679,0.8597083477566257,3.0600000000000045,0.0,0.0,0.0,0.0
407,0.6645098039215719,0.8581506190682683,0.1900000000000024,0.0,0.0,0.0,0.0
408,0.6629828850855778,0.8570008845102854,0.040000000000002034,0.0,0.0,0.0,0.0
409,0.6609512195121984,0.8565978704752839,-0.16999999999999849,0.0,0.0,0.0,0.0
410,0.6590024330900276,0.8560694902379702,-0.13999999999999857,0.0,0.0,0.0,0.0
411,0.6595631067961197,0.8541161103630759,0.8900000000000039,0.0,0.0,0.0,0.0
412,0.6596852300242163,0.852049172524039,0.710000000000004,0.0,0.0,0.0,0.0
413,0.6607487922705346,0.8504544016329226,1.100000000000004,0.0,0.0,0.0,0.0
414,0.6586506024096418,0.8502271602351457,-0.20999999999999863,0.0,0.0,0.0,0.0
415,0.6575721153846186,0.8486622839434684,0.21000000000000285,0.0,0.0,0.0,0.0
416,0.6565227817745836,0.8470813895037839,0.22000000000000264,0.0,0.0,0.0,0.0
417,0.6575598086124435,0.8454995467740662,1.0900000000000036,0.0,0.0,0.0,0.0
418,0.6555131264916501,0.8452319729134097,-0.1999999999999985,0.0,0.0,0.0,0.0
419,0.65366666666667,0.844646666666669,-0.11999999999999844,0.0,0.0,0.0,0.0
420,0.6539192399049915,0.842662460128947,0.7600000000000022,0.0,0.0,0.0,0.0
421,0.6518957345971598,0.8423887967038556,-0.1999999999999985,0.0,0.0,0.0,0.0
422,0.6541607565011854,0.8425627418686228,1.6100000000000028,0.0,0.0,0.0,0.0
423,0.6559198113207582,0.8418828398902738,1.4000000000000044,0.0,0.0,0.0,0.0
424,0.6549647058823563,0.8402849633740309,0.2500000000000031,0.0,0.0,0.0,0.0
425,0.6529812206572804,0.8399837972935674,-0.1899999999999985,0.0,0.0,0.0,0.0
426,0.651194379391104,0.839375330672562,-0.10999999999999854,0.0,0.0,0.0,0.0
427,0.6512383177570127,0.8374104067718728,0.6700000000000041,0.0,0.0,0.0,0.0
428,0.6494172494172528,0.8368765287671851,-0.12999999999999845,0.0,0.0,0.0,0.0
429,0.648744186046515,0.83512056377731,0.3600000000000023,0.0,0.0,0.0,0.0
430,0.646728538283066,0.8349295052069302,-0.21999999999999864,0.0,0.0,0.0,0.0
431,0.65291666666667,0.8495348607888652,3.3200000000000056,0.0,0.0,0.0,0.0
432,0.6539260969976939,0.8480095500812611,1.0900000000000023,0.0,0.0,0.0,0.0
433,0.6531105990783443,0.8463397244601505,0.30000000000000315,0.0,0.0,0.0,0.0
434,0.655034482758624,0.8459997107897685,1.4900000000000044,0.0,0.0,0.0,0.0
435,0.653784403669728,0.8447362200780365,0.11000000000000254,0.0,0.0,0.0,0.0
436,0.6541189931350146,0.8428476738815548,0.8000000000000038,0.0,0.0,0.0,0.0
437,0.6529680365296836,0.8414991797540327,0.15000000000000258,0.0,0.0,0.0,0.0
438,0.6541913439635568,0.8402349039431688,1.1900000000000042,0.0,0.0,0.0,0.0
439,0.6522500000000033,0.839979208428248,-0.1999999999999985,0.0,0.0,0.0,0.0
440,0.6516326530612279,0.8382382374768109,0.3800000000000032,0.0,0.0,0.0,0.0
441,0.6497058823529446,0.8379783713485414,-0.1999999999999985,0.0,0.0,0.0,0.0
442,0.6524153498871366,0.8393346506235784,1.8500000000000048,0.0,0.0,0.0,0.0
443,0.6515990990991025,0.8377358118276309,0.2900000000000029,0.0,0.0,0.0,0.0
444,0.6516404494382056,0.8358497803421419,0.6700000000000037,0.0,0.0,0.0,0.0
445,0.6531614349775818,0.8350032412959157,1.3300000000000043,0.0,0.0,0.0,0.0
446,0.6514541387024642,0.8344339793942697,-0.10999999999999843,0.0,0.0,0.0,0.0
447,0.6523660714285747,0.8329398030520953,1.0600000000000032,0.0,0.0,0.0,0.0
448,0.6504677060133663,0.8326986646913797,-0.1999999999999985,0.0,0.0,0.0,0.0
449,0.6534000000000033,0.8347133585746123,1.9700000000000049,0.0,0.0,0.0,0.0
450,0.6514634146341497,0.8345498536585386,-0.21999999999999864,0.0,0.0,0.0,0.0
451,0.6502654867256671,0.8333480446598532,0.11000000000000254,0.0,0.0,0.0,0.0
452,0.6513907284768246,0.8320779288519038,1.1600000000000033,0.0,0.0,0.0,0.0
453,0.6511453744493426,0.8302684423957777,0.5400000000000036,0.0,0.0,0.0,0.0
454,0.6501318681318715,0.8289070310306454,0.19000000000000195,0.0,0.0,0.0,0.0
455,0.6482675438596525,0.8286701788124178,-0.1999999999999985,0.0,0.0,0.0,0.0
456,0.6493435448577713,0.8273820242619699,1.1400000000000023,0.0,0.0,0.0,0.0
457,0.6474890829694356,0.8271466355479559,-0.1999999999999985,0.0,0.0,0.0,0.0
458,0.6474291938997855,0.8253422848227133,0.6200000000000037,0.0,0.0,0.0,0.0
459,0.6455869565217425,0.8251053192194774,-0.1999999999999985,0.0,0.0,0.0,0.0
460,0.6437960954446889,0.8247901235499409,-0.1799999999999986,0.0,0.0,0.0,0.0
461,0.6426839826839861,0.8235723901550387,0.1300000000000019,0.0,0.0,0.0,0.0
462,0.641943844492444,0.822043399437138,0.30000000000000293,0.0,0.0,0.0,0.0
463,0.6411422413793137,0.820566079075745,0.27000000000000224,0.0,0.0,0.0,0.0
464,0.6457634408602184,0.8287279180571026,2.7900000000000054,0.0,0.0,0.0,0.0
465,0.644141630901291,0.8281714121556161,-0.10999999999999821,0.0,0.0,0.0,0.0
466,0.6447323340471126,0.8265571706904654,0.9200000000000039,0.0,0.0,0.0,0.0
467,0.6456196581196615,0.8251557179853239,1.060000000000004,0.0,0.0,0.0,0.0
468,0.6459914712153552,0.8234574016365082,0.8200000000000023,0.0,0.0,0.0,0.0
469,0.6447234042553225,0.8224573860182391,0.0500000000000016,0.0,0.0,0.0,0.0
470,0.6448619957537188,0.8207165234674999,0.7100000000000022,0.0,0.0,0.0,0.0
471,0.6430296610169525,0.8205587422181458,-0.21999999999999864,0.0,0.0,0.0,0.0
472,0.6420718816067686,0.8192541727881913,0.19000000000000195,0.0,0.0,0.0,0.0
473,0.6427426160337586,0.8177353797022348,0.960000000000004,0.0,0.0,0.0,0.0
474,0.6445894736842138,0.817630369087277,1.5200000000000045,0.0,0.0,0.0,0.0
475,0.6455672268907596,0.8163640986289271,1.1100000000000032,0.0,0.0,0.0,0.0
476,0.6447169811320788,0.8149938798160793,0.24000000000000177,0.0,0.0,0.0,0.0
477,0.6451882845188317,0.8133914739085832,0.8700000000000039,0.0,0.0,0.0,0.0
478,0.6459290187891473,0.8119526393025935,1.000000000000004,0.0,0.0,0.0,0.0
479,0.6453125000000033,0.8104399856471834,0.3500000000000032,0.0,0.0,0.0,0.0
480,0.6435550935550969,0.8102371266458784,-0.1999999999999985,0.0,0.0,0.0,0.0
481,0.6422199170124514,0.8094119016399117,1.9984014443252818e-15,0.0,0.0,0.0,0.0
482,0.6421325051759867,0.807736314356161,0.6000000000000036,0.0,0.0,0.0,0.0
483,0.6403719008264496,0.807564250637375,-0.20999999999999863,0.0,0.0,0.0,0.0
484,0.6395051546391786,0.8062600852006494,0.22000000000000175,0.0,0.0,0.0,0.0
485,0.6397325102880691,0.8046228148996667,0.7500000000000038,0.0,0.0,0.0,0.0
486,0.6385626283367589,0.8036337321807338,0.07000000000000228,0.0,0.0,0.0,0.0
487,0.6387090163934459,0.8019940178240836,0.7100000000000037,0.0,0.0,0.0,0.0
488,0.6393047034764859,0.8005241057360305,0.9300000000000039,0.0,0.0,0.0,0.0
489,0.6384489795918401,0.7992458511748275,0.22000000000000308,0.0,0.0,0.0,0.0
490,0.6412627291242396,0.8015020757304976,2.020000000000005,0.0,0.0,0.0,0.0
491,0.6418495934959384,0.800039138227942,0.9300000000000039,0.0,0.0,0.0,0.0
492,0.6441379310344862,0.8009946313428669,1.770000000000003,0.0,0.0,0.0,0.0
493,0.6428137651821897,0.8002360828933015,-0.00999999999999801,0.0,0.0,0.0,0.0
494,0.64246464646465,0.7986765043144008,0.4700000000000022,0.0,0.0,0.0,0.0
495,0.6442943548387132,0.798723541463019,1.550000000000004,0.0,0.0,0.0,0.0
496,0.6442857142857178,0.7971132488479281,0.6400000000000023,0.0,0.0,0.0,0.0
497,0.6472289156626541,0.7998232915565701,2.1100000000000048,0.0,0.0,0.0,0.0
498,0.6455310621242519,0.799655691302285,-0.1999999999999985,0.0,0.0,0.0,0.0
499,0.6447400000000034,0.7983660645290599,0.2500000000000031,0.0,0.0,0.0,0.0
500,0.6430538922155723,0.7981936550898221,-0.1999999999999985,0.0,0.0,0.0,0.0
501,0.6422709163346648,0.7969082058989607,0.2500000000000031,0.0,0.0,0.0,0.0
502,0.6418886679920511,0.7953942345924471,0.45000000000000284,0.0,0.0,0.0,0.0
503,0.64166666666667,0.7938377733598427,0.5300000000000036,0.0,0.0,0.0,0.0
504,0.640613861386142,0.7928224398868475,0.11000000000000165,0.0,0.0,0.0,0.0
505,0.6389525691699638,0.7926489997260613,-0.1999999999999985,0.0,0.0,0.0,0.0
506,0.6390138067061177,0.7910844009947705,0.6700000000000039,0.0,0.0,0.0,0.0
507,0.638169291338586,0.7898863854851,0.21000000000000285,0.0,0.0,0.0,0.0
508,0.6373084479371349,0.788708686168651,0.20000000000000262,0.0,0.0,0.0,0.0
509,0.6360784313725523,0.7879307600446875,0.010000000000001563,0.0,0.0,0.0,0.0
510,0.6353620352250522,0.7866480549480083,0.2700000000000027,0.0,0.0,0.0,0.0
511,0.6357226562500032,0.7851752106011514,0.8200000000000038,0.0,0.0,0.0,0.0
512,0.6399220272904516,0.7926882751583837,2.7900000000000054,0.0,0.0,0.0,0.0
513,0.6394357976653728,0.7912645933359138,0.39000000000000346,0.0,0.0,0.0,0.0
514,0.6378058252427217,0.791093425257831,-0.1999999999999985,0.0,0.0,0.0,0.0
515,0.6395930232558171,0.7912054651162808,1.5600000000000045,0.0,0.0,0.0,0.0
516,0.6413152804642198,0.7912056310257465,1.5300000000000045,0.0,0.0,0.0,0.0
517,0.6396911196911229,0.7910416839055153,-0.1999999999999985,0.0,0.0,0.0,0.0
518,0.6402697495183076,0.7896883440831434,0.9400000000000039,0.0,0.0,0.0,0.0
519,0.6408653846153878,0.7883512727879074,0.950000000000004,0.0,0.0,0.0,0.0
520,0.6395393474088323,0.7877513258526518,-0.04999999999999838,0.0,0.0,0.0,0.0
521,0.6386206896551756,0.7866798596862814,0.16000000000000258,0.0,0.0,0.0,0.0
522,0.6379349904397738,0.7854187160721758,0.28000000000000314,0.0,0.0,0.0,0.0
523,0.640229007633591,0.7866745172449041,1.8400000000000047,0.0,0.0,0.0,0.0
524,0.6394476190476223,0.7854937782624516,0.23000000000000176,0.0,0.0,0.0,0.0
525,0.6378517110266192,0.7853372808256398,-0.1999999999999985,0.0,0.0,0.0,0.0
526,0.6366982922201171,0.7845453517651404,0.030000000000001803,0.0,0.0,0.0,0.0
527,0.6383333333333365,0.7844681846932338,1.5000000000000027,0.0,0.0,0.0,0.0
528,0.636880907372404,0.7840983967749344,-0.12999999999999845,0.0,0.0,0.0,0.0
529,0.6368490566037768,0.7826167068516621,0.6200000000000037,0.0,0.0,0.0,0.0
530,0.6379096045197772,0.7817373201151281,1.2000000000000042,0.0,0.0,0.0,0.0
531,0.6367669172932362,0.780959772312138,0.030000000000002247,0.0,0.0,0.0,0.0
532,0.6390431519699844,0.782253406029146,1.8500000000000052,0.0,0.0,0.0,0.0
533,0.6389513108614264,0.7807902677937774,0.5900000000000036,0.0,0.0,0.0,0.0
534,0.6382056074766387,0.7796256130771133,0.2400000000000031,0.0,0.0,0.0,0.0
535,0.6388059701492569,0.7783615622820494,0.960000000000004,0.0,0.0,0.0,0.0
536,0.6382122905027965,0.7770986638038873,0.32000000000000317,0.0,0.0,0.0,0.0
537,0.6367843866171036,0.7767484860127533,-0.12999999999999845,0.0,0.0,0.0,0.0
538,0.635435992578853,0.7762847073266633,-0.08999999999999853,0.0,0.0,0.0,0.0
539,0.6343703703703736,0.7754576733319608,0.06000000000000161,0.0,0.0,0.0,0.0
540,0.6328280961183027,0.7753084685424814,-0.19999999999999862,0.0,0.0,0.0,0.0
541,0.6314206642066453,0.7749489946184137,-0.12999999999999845,0.0,0.0,0.0,0.0
542,0.6311970534070014,0.7735463503972074,0.5100000000000036,0.0,0.0,0.0,0.0
543,0.6363602941176503,0.7866242972050717,3.4400000000000057,0.0,0.0,0.0,0.0
544,0.6372110091743152,0.7855727219374006,1.1000000000000036,0.0,0.0,0.0,0.0
545,0.6386263736263769,0.7852250821655427,1.4100000000000044,0.0,0.0,0.0,0.0
546,0.6373126142596011,0.7847310431189791,-0.07999999999999807,0.0,0.0,0.0,0.0
547,0.6364963503649668,0.7836615594016484,0.1900000000000026,0.0,0.0,0.0,0.0
548,0.6374681238615697,0.782749964766731,1.1700000000000041,0.0,0.0,0.0,0.0
549,0.6380363636363668,0.7815017837390315,0.950000000000004,0.0,0.0,0.0,0.0
550,0.6368602540834878,0.7808430331628462,-0.00999999999999801,0.0,0.0,0.0,0.0
551,0.6361594202898583,0.779697019911099,0.2500000000000031,0.0,0.0,0.0,0.0
552,0.6354068716094065,0.7785977055324075,0.22000000000000175,0.0,0.0,0.0,0.0
553,0.6373646209386313,0.779313114550762,1.7200000000000046,0.0,0.0,0.0,0.0
554,0.6396576576576608,0.7808246118320505,1.9100000000000048,0.0,0.0,0.0,0.0
555,0.6398381294964061,0.7794358296065869,0.7400000000000038,0.0,0.0,0.0,0.0
556,0.6391741472172384,0.7782795325678435,0.2700000000000018,0.0,0.0,0.0,0.0
557,0.6383333333333365,0.7772767504488349,0.1700000000000017,0.0,0.0,0.0,0.0
558,0.638336314847946,0.7758837863312001,0.6400000000000032,0.0,0.0,0.0,0.0
559,0.6368214285714318,0.7757809340659361,-0.20999999999999863,0.0,0.0,0.0,0.0
560,0.6390730837789693,0.7772398535777968,1.9000000000000048,0.0,0.0,0.0,0.0
561,0.6406227758007149,0.7772040677869356,1.5100000000000044,0.0,0.0,0.0,0.0
562,0.6414387211367705,0.7761959691029899,1.1000000000000032,0.0,0.0,0.0,0.0
563,0.641099290780145,0.7748822707632638,0.4500000000000035,0.0,0.0,0.0,0.0
564,0.6399646017699147,0.7742358143475826,1.5543122344752192e-15,0.0,0.0,0.0,0.0
565,0.6396113074204979,0.7729361318365199,0.4400000000000035,0.0,0.0,0.0,0.0
566,0.6420282186948886,0.7748826281775655,2.010000000000005,0.0,0.0,0.0,0.0
567,0.6434154929577497,0.774609125121099,1.4300000000000044,0.0,0.0,0.0,0.0
568,0.6425307557117782,0.7736907670981975,0.14000000000000257,0.0,0.0,0.0,0.0
569,0.6415964912280734,0.7728285539419747,0.1100000000000021,0.0,0.0,0.0,0.0
570,0.6403852889667283,0.7723103776077692,-0.04999999999999838,0.0,0.0,0.0,0.0
571,0.6388986013986047,0.7722220772659935,-0.20999999999999863,0.0,0.0,0.0,0.0
572,0.6468760907504396,0.8073379514028749,5.210000000000006,0.0,0.0,0.0,0.0
573,0.6466376306620242,0.8059616241312023,0.5100000000000025,0.0,0.0,0.0,0.0
574,0.6470434782608728,0.8046522193607051,0.8800000000000039,0.0,0.0,0.0,0.0
575,0.6458506944444478,0.8040723185386496,-0.03999999999999848,0.0,0.0,0.0,0.0
576,0.6465337954939374,0.8029456034565784,1.0400000000000031,0.0,0.0,0.0,0.0
577,0.646020761245678,0.8017061486150197,0.3500000000000023,0.0,0.0,0.0,0.0
578,0.6499309153713331,0.809171621516637,2.9100000000000064,0.0,0.0,0.0,0.0
579,0.6515689655172445,0.8093303492942671,1.6000000000000045,0.0,0.0,0.0,0.0
580,0.6534595524957002,0.8100116315508361,1.7500000000000047,0.0,0.0,0.0,0.0
581,0.6524226804123743,0.8092431738737002,0.050000000000002265,0.0,0.0,0.0,0.0
582,0.6532933104631249,0.8082946337524263,1.1600000000000028,0.0,0.0,0.0,0.0
583,0.6523287671232908,0.807451514368291,0.09000000000000186,0.0,0.0,0.0,0.0
584,0.6547863247863279,0.809602051867465,2.090000000000005,0.0,0.0,0.0,0.0
585,0.6541808873720167,0.8084329176511792,0.30000000000000293,0.0,0.0,0.0,0.0
586,0.6534412265758123,0.8073744858742631,0.22000000000000175,0.0,0.0,0.0,0.0
587,0.6526190476190507,0.8063965360590596,0.1700000000000017,0.0,0.0,0.0,0.0
588,0.6531578947368452,0.8051961331901204,0.9700000000000026,0.0,0.0,0.0,0.0
589,0.6547457627118675,0.8053166585134263,1.5900000000000036,0.0,0.0,0.0,0.0
590,0.6561252115059252,0.805076316498898,1.4700000000000044,0.0,0.0,0.0,0.0
591,0.6552027027027058,0.8042178945442927,0.11000000000000165,0.0,0.0,0.0,0.0
592,0.6542158516020267,0.8034369263023585,0.07000000000000206,0.0,0.0,0.0,0.0
593,0.655000000000003,0.8024473018549769,1.120000000000004,0.0,0.0,0.0,0.0
594,0.6541344537815156,0.8015421367739037,0.14000000000000257,0.0,0.0,0.0,0.0
595,0.660000000000003,0.8207001680672291,4.150000000000007,0.0,0.0,0.0,0.0
596,0.6599664991624821,0.8193238243791687,0.6400000000000037,0.0,0.0,0.0,0.0
597,0.659933110367896,0.8179520893206299,0.6400000000000037,0.0,0.0,0.0,0.0
598,0.6590150250417393,0.8170891619812307,0.11000000000000254,0.0,0.0,0.0,0.0
599,0.660900000000003,0.8178569515859788,1.7900000000000038,0.0,0.0,0.0,0.0
600,0.660216306156409,0.8167747864670016,0.25000000000000333,0.0,0.0,0.0,0.0
601,0.6599833887043219,0.8154484190247726,0.5200000000000036,0.0,0.0,0.0,0.0
602,0.6585240464344972,0.8153780505005448,-0.21999999999999864,0.0,0.0,0.0,0.0
603,0.6611423841059633,0.8181666861608096,2.240000000000005,0.0,0.0,0.0,0.0
604,0.6614545454545484,0.8168710596026512,0.8500000000000039,0.0,0.0,0.0,0.0
605,0.6607755775577587,0.8158002239314863,0.2500000000000031,0.0,0.0,0.0,0.0
606,0.6622734761120294,0.815815944889384,1.5700000000000045,0.0,0.0,0.0,0.0
607,0.6637171052631609,0.8157390433972102,1.5400000000000045,0.0,0.0,0.0,0.0
608,0.6657635467980325,0.8169478124189806,1.9100000000000048,0.0,0.0,0.0,0.0
609,0.6644426229508227,0.8166707068830946,-0.13999999999999857,0.0,0.0,0.0,0.0
610,0.664304418985273,0.8153435727509345,0.5800000000000036,0.0,0.0,0.0,0.0
611,0.668218954248369,0.8233871663831949,3.0600000000000045,0.0,0.0,0.0,0.0
612,0.6689070146818953,0.8223319733657487,1.090000000000004,0.0,0.0,0.0,0.0
613,0.6681596091205241,0.8213334752990336,0.21000000000000307,0.0,0.0,0.0,0.0
614,0.6712032520325233,0.8256930123672594,2.5400000000000054,0.0,0.0,0.0,0.0
615,0.6729545454545485,0.8262397117516652,1.7500000000000047,0.0,0.0,0.0,0.0
616,0.6717179902755298,0.8258418489128398,-0.08999999999999841,0.0,0.0,0.0,0.0
617,0.6703074433656988,0.8257329685344601,-0.1999999999999985,0.0,0.0,0.0,0.0
618,0.6694022617124424,0.8249040110628397,0.11000000000000254,0.0,0.0,0.0,0.0
619,0.668500000000003,0.8240760985460441,0.11000000000000165,0.0,0.0,0.0,0.0
620,0.6690338164251237,0.8229239036933167,1.000000000000004,0.0,0.0,0.0,0.0
621,0.670192926045019,0.8224344232671109,1.3900000000000043,0.0,0.0,0.0,0.0
622,0.6695666131621217,0.8213565642854583,0.28000000000000314,0.0,0.0,0.0,0.0
623,0.6708493589743619,0.8210649275116291,1.4700000000000044,0.0,0.0,0.0,0.0
624,0.6720960000000029,0.8207204394871815,1.4500000000000035,0.0,0.0,0.0,0.0
625,0.6707028753993639,0.820622225175721,-0.1999999999999985,0.0,0.0,0.0,0.0
626,0.6701116427432245,0.819530498698098,0.3000000000000027,0.0,0.0,0.0,0.0
627,0.670716560509557,0.8184532337285042,1.050000000000004,0.0,0.0,0.0,0.0
628,0.6701907790143112,0.8173238488957321,0.3400000000000023,0.0,0.0,0.0,0.0
629,0.6694761904761933,0.8163461480808564,0.22000000000000175,0.0,0.0,0.0,0.0
630,0.668066561014266,0.8163041923879982,-0.21999999999999864,0.0,0.0,0.0,0.0
631,0.6676265822784839,0.8151328682621541,0.39000000000000346,0.0,0.0,0.0,0.0
632,0.6665086887835732,0.8146341522186918,-0.03999999999999837,0.0,0.0,0.0,0.0
633,0.6679968454258703,0.8147512732917731,1.6100000000000037,0.0,0.0,0.0,0.0
634,0.6679370078740186,0.8134684502844108,0.6300000000000037,0.0,0.0,0.0,0.0
635,0.6678616352201285,0.8121910107463005,0.620000000000003,0.0,0.0,0.0,0.0
636,0.6673940345368944,0.8110532611593281,0.3700000000000032,0.0,0.0,0.0,0.0
637,0.6660188087774321,0.8109866370083142,-0.20999999999999863,0.0,0.0,0.0,0.0
638,0.6652895148669823,0.8100553627582305,0.20000000000000284,0.0,0.0,0.0,0.0
639,0.6642343750000026,0.8095001953736329,-0.009999999999998233,0.0,0.0,0.0,0.0
640,0.6644929797191914,0.8082782190912658,0.8300000000000023,0.0,0.0,0.0,0.0
641,0.667149532710283,0.8115480244069597,2.3700000000000054,0.0,0.0,0.0,0.0
642,0.6658009331259747,0.811453368410345,-0.1999999999999985,0.0,0.0,0.0,0.0
643,0.664456521739133,0.8113553806883516,-0.1999999999999985,0.0,0.0,0.0,0.0
644,0.6649767441860491,0.8102700693341058,1.000000000000004,0.0,0.0,0.0,0.0
645,0.6684520123839035,0.8168158945928453,2.9100000000000046,0.0,0.0,0.0,0.0
646,0.6695363214837738,0.8163121685703505,1.3700000000000043,0.0,0.0,0.0,0.0
647,0.670015432098768,0.8151992269639573,0.9800000000000031,0.0,0.0,0.0,0.0
648,0.6690909090909116,0.8144959315376001,0.07000000000000162,0.0,0.0,0.0,0.0
649,0.6681846153846179,0.813774819485601,0.08000000000000251,0.0,0.0,0.0,0.0
650,0.6672964669738889,0.813036371972116,0.09000000000000208,0.0,0.0,0.0,0.0
651,0.6679601226993891,0.8120746343520606,1.1000000000000023,0.0,0.0,0.0,0.0
652,0.6666309341500791,0.8119828037655391,-0.1999999999999985,0.0,0.0,0.0,0.0
653,0.6658562691131524,0.8111318077937182,0.16000000000000192,0.0,0.0,0.0,0.0
654,0.6662595419847354,0.809998067091535,0.9300000000000039,0.0,0.0,0.0,0.0
655,0.6649390243902464,0.8099053397877509,-0.1999999999999985,0.0,0.0,0.0,0.0
656,0.6650684931506875,0.8086817407283681,0.7500000000000038,0.0,0.0,0.0,0.0
657,0.6638905775076014,0.8083638358014943,-0.10999999999999843,0.0,0.0,0.0,0.0
658,0.6635204855842212,0.807225581266635,0.4200000000000035,0.0,0.0,0.0,0.0
659,0.6665454545454572,0.8120399448199769,2.6600000000000055,0.0,0.0,0.0,0.0
660,0.6661875945537091,0.8108942314216311,0.43000000000000194,0.0,0.0,0.0,0.0
661,0.6655438066465283,0.8099418369585605,0.24000000000000177,0.0,0.0,0.0,0.0
662,0.6660030165912546,0.8088581691751783,0.970000000000004,0.0,0.0,0.0,0.0
663,0.6654969879518099,0.8078081990859383,0.3300000000000025,0.0,0.0,0.0,0.0
664,0.6651879699248147,0.8066551227466272,0.4600000000000035,0.0,0.0,0.0,0.0
665,0.6651051051051078,0.8054466806656296,0.6100000000000028,0.0,0.0,0.0,0.0
666,0.6650224887556249,0.8042418538478524,0.6100000000000041,0.0,0.0,0.0,0.0
667,0.6653592814371284,0.803111864726321,0.8900000000000039,0.0,0.0,0.0,0.0
668,0.6640358744394645,0.8030812921242731,-0.21999999999999864,0.0,0.0,0.0,0.0
669,0.6634477611940325,0.8021126093746528,0.2700000000000027,0.0,0.0,0.0,0.0
670,0.6621311475409862,0.8020785857597273,-0.21999999999999864,0.0,0.0,0.0,0.0
671,0.6649107142857169,0.8060751037896543,2.530000000000004,0.0,0.0,0.0,0.0
672,0.6667310549777143,0.8071056671442737,1.890000000000004,0.0,0.0,0.0,0.0
673,0.666142433234424,0.806139926190803,0.270000000000002,0.0,0.0,0.0,0.0
674,0.6648592592592619,0.8060552843169593,-0.1999999999999985,0.0,0.0,0.0,0.0
675,0.667411242603553,0.8092636587771216,2.390000000000005,0.0,0.0,0.0,0.0
676,0.6674593796159555,0.8080680919126336,0.7000000000000035,0.0,0.0,0.0,0.0
677,0.6663421828908582,0.8077207217334863,-0.08999999999999841,0.0,0.0,0.0,0.0
678,0.6662002945508128,0.8065430630677611,0.5700000000000036,0.0,0.0,0.0,0.0
679,0.6666029411764733,0.8054654680325753,0.9400000000000039,0.0,0.0,0.0,0.0
680,0.6682819383259939,0.8062007203938858,1.8100000000000047,0.0,0.0,0.0,0.0
681,0.6684017595307945,0.8050266636092358,0.7500000000000036,0.0,0.0,0.0,0.0
682,0.6671303074670598,0.8049504038161825,-0.1999999999999985,0.0,0.0,0.0,0.0
683,0.6674853801169618,0.8038580890978071,0.910000000000003,0.0,0.0,0.0,0.0
684,0.6676496350364991,0.8027013390532308,0.7800000000000022,0.0,0.0,0.0,0.0
685,0.6685276967930057,0.8020584131003825,1.2700000000000042,0.0,0.0,0.0,0.0
686,0.6679621542940348,0.8011089606647417,0.2800000000000018,0.0,0.0,0.0,0.0
687,0.669941860465119,0.8026392979249195,2.0300000000000047,0.0,0.0,0.0,0.0
688,0.6697242380261276,0.8015053017517821,0.5200000000000033,0.0,0.0,0.0,0.0
689,0.6714347826086984,0.8023609282514058,1.8500000000000048,0.0,0.0,0.0,0.0
690,0.6718523878437075,0.8013185926718279,0.9600000000000029,0.0,0.0,0.0,0.0
691,0.6722398843930663,0.8002628483056323,0.940000000000003,0.0,0.0,0.0,0.0
692,0.6717316017316044,0.7992854365287909,0.32000000000000317,0.0,0.0,0.0,0.0
693,0.6705907780979854,0.7990352926132482,-0.11999999999999855,0.0,0.0,0.0,0.0
694,0.67002877697842,0.7981034573839504,0.2800000000000018,0.0,0.0,0.0,0.0
695,0.6695833333333361,0.7970932074340545,0.360000000000003,0.0,0.0,0.0,0.0
696,0.6689383070301319,0.7962379516482809,0.22000000000000264,0.0,0.0,0.0,0.0
697,0.6698710601719225,0.7957028527911287,1.3200000000000034,0.0,0.0,0.0,0.0
698,0.6685979971387724,0.7956957393083056,-0.21999999999999864,0.0,0.0,0.0,0.0
699,0.6677000000000027,0.7951218841201735,0.04000000000000159,0.0,0.0,0.0,0.0
700,0.6673181169757517,0.7940882257998796,0.40000000000000346,0.0,0.0,0.0,0.0
701,0.6692307692307721,0.7955235158564706,2.010000000000005,0.0,0.0,0.0,0.0
702,0.6693029871977269,0.7943939579255388,0.7200000000000022,0.0,0.0,0.0,0.0
703,0.6686647727272755,0.7935507039635348,0.22000000000000264,0.0,0.0,0.0,0.0
704,0.6675460992907829,0.7933057595905886,-0.11999999999999844,0.0,0.0,0.0,0.0
705,0.6683994334277648,0.7926945976734392,1.2700000000000042,0.0,0.0,0.0,0.0
706,0.6677510608203705,0.7918690144287616,0.21000000000000174,0.0,0.0,0.0,0.0
707,0.6680225988700592,0.790801176291965,0.8600000000000023,0.0,0.0,0.0,0.0
708,0.6667983074753201,0.790746938076229,-0.1999999999999985,0.0,0.0,0.0,0.0
709,0.668126760563383,0.7908846383519753,1.6100000000000045,0.0,0.0,0.0,0.0
710,0.6668776371308045,0.7908800962738473,-0.21999999999999864,0.0,0.0,0.0,0.0
711,0.6669101123595533,0.7897684982379636,0.6900000000000037,0.0,0.0,0.0,0.0
712,0.6666339410939719,0.7887136537340262,0.4700000000000022,0.0,0.0,0.0,0.0
713,0.6669467787114873,0.7876773407820367,0.8900000000000039,0.0,0.0,0.0,0.0
714,0.6665314685314713,0.7866974762492426,0.37000000000000344,0.0,0.0,0.0,0.0
715,0.6656983240223491,0.7860941969762097,0.07000000000000206,0.0,0.0,0.0,0.0
716,0.6694700139470041,0.7951960874375711,3.3700000000000054,0.0,0.0,0.0,0.0
717,0.6686490250696406,0.7945709756685058,0.08000000000000185,0.0,0.0,0.0,0.0
718,0.6678859527121029,0.7938829897606177,0.12000000000000255,0.0,0.0,0.0,0.0
719,0.6682916666666695,0.7928973557023659,0.9600000000000029,0.0,0.0,0.0,0.0
720,0.6687794729542331,0.79196767491139,1.020000000000004,0.0,0.0,0.0,0.0
721,0.6696675900277037,0.7914387243018136,1.3100000000000043,0.0,0.0,0.0,0.0
722,0.6684370677731702,0.7914373045520563,-0.21999999999999864,0.0,0.0,0.0,0.0
723,0.6685220994475167,0.7903478819452417,0.7300000000000038,0.0,0.0,0.0,0.0
724,0.6689379310344856,0.7893816052581458,0.970000000000004,0.0,0.0,0.0,0.0
725,0.6688567493112977,0.7882975877267991,0.6100000000000034,0.0,0.0,0.0,0.0
726,0.668968363136179,0.7872208350858858,0.7500000000000038,0.0,0.0,0.0,0.0
727,0.6700000000000029,0.7869127922971129,1.4200000000000044,0.0,0.0,0.0,0.0
728,0.6694238683127601,0.7860738434405116,0.2500000000000031,0.0,0.0,0.0,0.0
729,0.6683287671232906,0.7858710028750227,-0.12999999999999845,0.0,0.0,0.0,0.0
730,0.6671409028727799,0.7858259239548017,-0.1999999999999985,0.0,0.0,0.0,0.0
731,0.6659426229508226,0.7858019830234815,-0.20999999999999863,0.0,0.0,0.0,0.0
732,0.665375170532063,0.7849645106941321,0.2500000000000031,0.0,0.0,0.0,0.0
733,0.6647547683923735,0.7841761335038357,0.21000000000000285,0.0,0.0,0.0,0.0
734,0.6650204081632682,0.7831596385475185,0.8600000000000037,0.0,0.0,0.0,0.0
735,0.6644293478260899,0.7823512385388953,0.23000000000000176,0.0,0.0,0.0,0.0
736,0.6659430122116718,0.7829768608784157,1.780000000000003,0.0,0.0,0.0,0.0
737,0.6657994579945828,0.7819296856442121,0.5600000000000036,0.0,0.0,0.0,0.0
738,0.666211096075781,0.7809953808523215,0.970000000000004,0.0,0.0,0.0,0.0
739,0.6663108108108138,0.7799459113849995,0.7400000000000038,0.0,0.0,0.0,0.0
740,0.6660998650472364,0.7789249035270103,0.5100000000000029,0.0,0.0,0.0,0.0
741,0.6671832884097064,0.7787446870077968,1.4700000000000044,0.0,0.0,0.0,0.0
742,0.6679946164199222,0.7781842479494161,1.2700000000000042,0.0,0.0,0.0,0.0
743,0.6674865591397879,0.7773289365620356,0.2900000000000025,0.0,0.0,0.0,0.0
744,0.668751677852352,0.7774765309951663,1.6100000000000045,0.0,0.0,0.0,0.0
745,0.6687667560321746,0.7764331079403365,0.6800000000000037,0.0,0.0,0.0,0.0
746,0.6681927710843404,0.7756384185535723,0.2400000000000022,0.0,0.0,0.0,0.0
747,0.6670320855615004,0.775607779424294,-0.1999999999999985,0.0,0.0,0.0,0.0
748,0.6680106809078803,0.7752881496183875,1.4000000000000044,0.0,0.0,0.0,0.0
749,0.6677200000000031,0.7743164234979989,0.4500000000000035,0.0,0.0,0.0,0.0
750,0.6678162450066609,0.7732909581890828,0.7400000000000038,0.0,0.0,0.0,0.0
751,0.6679654255319181,0.7722780121185951,0.7800000000000036,0.0,0.0,0.0,0.0
752,0.667304116865873,0.7715803555282431,0.1700000000000026,0.0,0.0,0.0,0.0
753,0.6675862068965549,0.7706156798094992,0.8800000000000039,0.0,0.0,0.0,0.0
754,0.6679602649006654,0.7696992822386581,0.950000000000004,0.0,0.0,0.0,0.0
755,0.6669708994709026,0.7694198190195888,-0.0799999999999984,0.0,0.0,0.0,0.0
756,0.6658256274768856,0.7693949854270213,-0.1999999999999985,0.0,0.0,0.0,0.0
757,0.667005277044858,0.7694334240143897,1.5600000000000045,0.0,0.0,0.0,0.0
758,0.6664822134387383,0.7686259993534071,0.27000000000000335,0.0,0.0,0.0,0.0
759,0.6659473684210557,0.7678307218639501,0.2600000000000027,0.0,0.0,0.0,0.0
760,0.6652825229960609,0.767156795075733,0.16000000000000258,0.0,0.0,0.0,0.0
761,0.6645013123359611,0.7666137457275807,0.07000000000000206,0.0,0.0,0.0,0.0
762,0.6633944954128471,0.7665423992872467,-0.1799999999999985,0.0,0.0,0.0,0.0
763,0.6641230366492178,0.7659432666245821,1.2200000000000033,0.0,0.0,0.0,0.0
764,0.6629934640522908,0.7659168127844521,-0.1999999999999985,0.0,0.0,0.0,0.0
765,0.6623368146214131,0.7652459047082729,0.16000000000000258,0.0,0.0,0.0,0.0
766,0.6622946544980476,0.764248252490972,0.6300000000000037,0.0,0.0,0.0,0.0
767,0.6614192708333366,0.7638403559254143,-0.00999999999999801,0.0,0.0,0.0,0.0
768,0.6607022106632022,0.7632411729247955,0.11000000000000254,0.0,0.0,0.0,0.0
769,0.6612987012987046,0.7625226284768561,1.1200000000000023,0.0,0.0,0.0,0.0
770,0.6603112840466959,0.7622840588205583,-0.09999999999999842,0.0,0.0,0.0,0.0
771,0.6599352331606251,0.7614045353588316,0.3700000000000019,0.0,0.0,0.0,0.0
772,0.6593272962483863,0.7607039510285626,0.1900000000000026,0.0,0.0,0.0,0.0
773,0.6612532299741636,0.7625907947825694,2.150000000000005,0.0,0.0,0.0,0.0
774,0.6616000000000034,0.7616987286821719,0.9300000000000028,0.0,0.0,0.0,0.0
775,0.6631829896907251,0.7626604361489872,1.890000000000004,0.0,0.0,0.0,0.0
776,0.6621364221364255,0.7625286772413076,-0.14999999999999847,0.0,0.0,0.0,0.0
777,0.6622622107969186,0.7615596119806931,0.7600000000000022,0.0,0.0,0.0,0.0
778,0.6616431322207993,0.7608793017876073,0.18000000000000171,0.0,0.0,0.0,0.0
779,0.6612948717948752,0.7599971658273277,0.3900000000000019,0.0,0.0,0.0,0.0
780,0.6603841229193376,0.7596706214911862,-0.04999999999999838,0.0,0.0,0.0,0.0
781,0.6603069053708474,0.7587025945489271,0.6000000000000036,0.0,0.0,0.0,0.0
782,0.6595274584929791,0.7582080884394418,0.05000000000000204,0.0,0.0,0.0,0.0
783,0.660586734693881,0.7581194509604622,1.4900000000000044,0.0,0.0,0.0,0.0
784,0.66086624203822,0.7572137894839478,0.8800000000000037,0.0,0.0,0.0,0.0
785,0.6613740458015301,0.7564518675548223,1.060000000000004,0.0,0.0,0.0,0.0
786,0.6606734434561661,0.7558757545483071,0.11000000000000254,0.0,0.0,0.0,0.0
787,0.6604060913705618,0.7549716264939804,0.4500000000000035,0.0,0.0,0.0,0.0
788,0.6597845373891036,0.7543183545321793,0.17000000000000193,0.0,0.0,0.0,0.0
789,0.6611645569620288,0.7548668296674221,1.7500000000000047,0.0,0.0,0.0,0.0
790,0.6600758533501931,0.7548488549984812,-0.1999999999999985,0.0,0.0,0.0,0.0
791,0.6589898989899025,0.7548285612126335,-0.1999999999999985,0.0,0.0,0.0,0.0
792,0.6579823455233326,0.7546805198899477,-0.13999999999999857,0.0,0.0,0.0,0.0
793,0.6575188916876609,0.7538993848885572,0.2900000000000018,0.0,0.0,0.0,0.0
794,0.6584528301886827,0.7536433211349286,1.4000000000000044,0.0,0.0,0.0,0.0
795,0.6573618090452296,0.7536428425144607,-0.20999999999999863,0.0,0.0,0.0,0.0
796,0.6567126725219607,0.7530318934698603,0.1400000000000028,0.0,0.0,0.0,0.0
797,0.6556390977443644,0.7530068055961753,-0.1999999999999985,0.0,0.0,0.0,0.0
798,0.6551063829787268,0.752289932277504,0.2300000000000022,0.0,0.0,0.0,0.0
799,0.6548750000000034,0.7513912234042569,0.47000000000000286,0.0,0.0,0.0,0.0
800,0.655093632958805,0.7504902724719118,0.8300000000000038,0.0,0.0,0.0,0.0
801,0.6545635910224473,0.7497786482607481,0.23000000000000287,0.0,0.0,0.0,0.0
802,0.6540597758406012,0.7490475874448392,0.2500000000000031,0.0,0.0,0.0,0.0
803,0.6551243781094561,0.7490260119080827,1.5100000000000044,0.0,0.0,0.0,0.0
804,0.6540621118012456,0.7490027573313573,-0.1999999999999985,0.0,0.0,0.0,0.0
805,0.6535359801488868,0.7482954316230771,0.23000000000000287,0.0,0.0,0.0,0.0
806,0.6529244114002513,0.7476688565621549,0.16000000000000258,0.0,0.0,0.0,0.0
807,0.6524628712871321,0.7469144967610161,0.28000000000000314,0.0,0.0,0.0,0.0
808,0.6515203955500651,0.7467087003879639,-0.10999999999999843,0.0,0.0,0.0,0.0
809,0.6520370370370404,0.7460019022112365,1.070000000000004,0.0,0.0,0.0,0.0
810,0.6509617755857,0.7460185800185736,-0.21999999999999864,0.0,0.0,0.0,0.0
811,0.6507266009852251,0.745143614433317,0.4600000000000033,0.0,0.0,0.0,0.0
812,0.6496801968019714,0.7451161537575984,-0.1999999999999985,0.0,0.0,0.0,0.0
813,0.6491400491400525,0.7444371439537509,0.2100000000000024,0.0,0.0,0.0,0.0
814,0.6486993865030709,0.7436808616089615,0.2900000000000018,0.0,0.0,0.0,0.0
815,0.6476593137254936,0.743651078882475,-0.1999999999999985,0.0,0.0,0.0,0.0
816,0.648212974296209,0.7429901849785219,1.1000000000000032,0.0,0.0,0.0,0.0
817,0.6471638141809325,0.7429811750904542,-0.20999999999999863,0.0,0.0,0.0,0.0
818,0.6467887667887702,0.7421880861328312,0.34000000000000186,0.0,0.0,0.0,0.0
819,0.648146341463418,0.7427931409511914,1.7600000000000047,0.0,0.0,0.0,0.0
820,0.6484043848964711,0.7419419631027022,0.8600000000000028,0.0,0.0,0.0,0.0
821,0.6492092457420958,0.7415707503163628,1.3100000000000043,0.0,0.0,0.0,0.0
822,0.6488942891859086,0.7407502357702683,0.3900000000000028,0.0,0.0,0.0,0.0
823,0.6490169902912656,0.739862580512925,0.7500000000000038,0.0,0.0,0.0,0.0
824,0.6493090909090944,0.7390350803177421,0.8900000000000039,0.0,0.0,0.0,0.0
825,0.6492372881355967,0.7381435387776082,0.5900000000000039,0.0,0.0,0.0,0.0
826,0.6482708585247918,0.7380223091134284,-0.14999999999999847,0.0,0.0,0.0,0.0
827,0.6472705314009696,0.7379584418391385,-0.1799999999999985,0.0,0.0,0.0,0.0
828,0.6482991556091711,0.7379443258567756,1.5000000000000044,0.0,0.0,0.0,0.0
829,0.6484578313253045,0.737075061548972,0.7800000000000034,0.0,0.0,0.0,0.0
830,0.6478098676293655,0.7365359204326347,0.11000000000000165,0.0,0.0,0.0,0.0
831,0.6470432692307726,0.7361385396417678,0.010000000000001563,0.0,0.0,0.0,0.0
832,0.6475150060024043,0.7354391298827239,1.040000000000004,0.0,0.0,0.0,0.0
833,0.6476738609112743,0.7345772956664696,0.7800000000000022,0.0,0.0,0.0,0.0
834,0.6484431137724584,0.7341906187624766,1.2900000000000043,0.0,0.0,0.0,0.0
835,0.6475478468899555,0.7339814048935637,-0.09999999999999842,0.0,0.0,0.0,0.0
836,0.6474313022700153,0.7331148053826337,0.5500000000000027,0.0,0.0,0.0,0.0
837,0.6477565632458268,0.7323275774658345,0.9200000000000039,0.0,0.0,0.0,0.0
838,0.6471156138259867,0.731798352965943,0.11000000000000232,0.0,0.0,0.0,0.0
839,0.6479880952380986,0.731565554089337,1.3800000000000026,0.0,0.0,0.0,0.0
840,0.6489536266349618,0.7314786657040954,1.4600000000000048,0.0,0.0,0.0,0.0
841,0.6483135391924024,0.730953870660707,0.11000000000000165,0.0,0.0,0.0,0.0
842,0.6476868327402169,0.7304168519285568,0.12000000000000255,0.0,0.0,0.0,0.0
843,0.649407582938392,0.7320494706897634,2.100000000000004,0.0,0.0,0.0,0.0
844,0.6550059171597666,0.7576655509128147,5.380000000000006,0.0,0.0,0.0,0.0
845,0.6554373522458662,0.7569263765439888,1.020000000000004,0.0,0.0,0.0,0.0
846,0.6557378984651745,0.7561081723563365,0.9100000000000039,0.0,0.0,0.0,0.0
847,0.6560495283018901,0.7552978346160718,0.9200000000000039,0.0,0.0,0.0,0.0
848,0.6556301531213226,0.754556471542549,0.30000000000000315,0.0,0.0,0.0,0.0
849,0.6564705882352975,0.7542680939513632,1.3700000000000043,0.0,0.0,0.0,0.0
850,0.6578025851938929,0.7548905774521342,1.7900000000000047,0.0,0.0,0.0,0.0
851,0.6572887323943696,0.7542284805779463,0.22000000000000175,0.0,0.0,0.0,0.0
852,0.6567643610785497,0.7535777812635894,0.21000000000000285,0.0,0.0,0.0,0.0
853,0.6572482435597224,0.7528942946921063,1.070000000000004,0.0,0.0,0.0,0.0
854,0.6564912280701789,0.7525026623936908,0.010000000000001563,0.0,0.0,0.0,0.0
855,0.6562616822429941,0.7516676460621976,0.46000000000000285,0.0,0.0,0.0,0.0
856,0.6575029171528622,0.7521098787882109,1.7200000000000046,0.0,0.0,0.0,0.0
857,0.6564918414918449,0.7521093820803874,-0.20999999999999863,0.0,0.0,0.0,0.0
858,0.6574854481955796,0.7520808491469744,1.5100000000000044,0.0,0.0,0.0,0.0
859,0.6568488372093058,0.75155385372391,0.11000000000000254,0.0,0.0,0.0,0.0
860,0.6581184668989581,0.7520678510655556,1.750000000000005,0.0,0.0,0.0,0.0
861,0.6603596287703051,0.7555240284728022,2.590000000000006,0.0,0.0,0.0,0.0
862,0.6606836616454264,0.754738163155024,0.9400000000000039,0.0,0.0,0.0,0.0
863,0.6601504629629664,0.754109247323078,0.20000000000000173,0.0,0.0,0.0,0.0
864,0.659468208092489,0.7536390687219028,0.07000000000000206,0.0,0.0,0.0,0.0
865,0.6652309468822205,0.781526940821532,5.650000000000007,0.0,0.0,0.0,0.0
866,0.6657670126874313,0.7808736315664716,1.1300000000000028,0.0,0.0,0.0,0.0
867,0.6653225806451647,0.780144417159655,0.2800000000000018,0.0,0.0,0.0,0.0
868,0.6656386651323394,0.7793324545401534,0.9400000000000024,0.0,0.0,0.0,0.0
869,0.665114942528739,0.778674267555522,0.21000000000000285,0.0,0.0,0.0,0.0
870,0.667221584385767,0.7816446853266841,2.500000000000005,0.0,0.0,0.0,0.0
871,0.666227064220187,0.7816097440198462,-0.1999999999999985,0.0,0.0,0.0,0.0
872,0.6667124856815613,0.7809191110480593,1.090000000000004,0.0,0.0,0.0,0.0
873,0.6658123569794084,0.7807327299273152,-0.11999999999999844,0.0,0.0,0.0,0.0
874,0.6649600000000034,0.7804751414187662,-0.07999999999999785,0.0,0.0,0.0,0.0
875,0.6660045662100491,0.7805389896934134,1.5800000000000045,0.0,0.0,0.0,0.0
876,0.6656100342075291,0.779784473323859,0.3200000000000023,0.0,0.0,0.0,0.0
877,0.6646013667426002,0.7797886094394088,-0.21999999999999864,0.0,0.0,0.0,0.0
878,0.6650853242320853,0.7791063423697997,1.0900000000000023,0.0,0.0,0.0,0.0
879,0.6641022727272762,0.7790704104612697,-0.1999999999999985,0.0,0.0,0.0,0.0
880,0.6631214528944416,0.7790326318233429,-0.1999999999999985,0.0,0.0,0.0,0.0
881,0.6627551020408198,0.7782667481294465,0.3400000000000023,0.0,0.0,0.0,0.0
882,0.6618573046432651,0.7780960929936356,-0.12999999999999845,0.0,0.0,0.0,0.0
883,0.6611877828054333,0.7776111583556691,0.07000000000000184,0.0,0.0,0.0,0.0
884,0.6610282485875741,0.776754032006546,0.5200000000000027,0.0,0.0,0.0,0.0
885,0.6600564334085814,0.7767131041563061,-0.1999999999999985,0.0,0.0,0.0,0.0
886,0.6590868094701275,0.7766703841034674,-0.1999999999999985,0.0,0.0,0.0,0.0
887,0.6581193693693729,0.7766258842692765,-0.1999999999999985,0.0,0.0,0.0,0.0
888,0.6573903262092273,0.7762238125639715,0.010000000000001563,0.0,0.0,0.0,0.0
889,0.65715730337079,0.7753989966001456,0.4500000000000035,0.0,0.0,0.0,0.0
890,0.6575420875420911,0.7746596822154141,1.000000000000004,0.0,0.0,0.0,0.0
891,0.6576008968609901,0.7737933399767496,0.7100000000000035,0.0,0.0,0.0,0.0
892,0.6567301231802947,0.7736029730489773,-0.11999999999999855,0.0,0.0,0.0,0.0
893,0.6558612975391535,0.773411519373904,-0.11999999999999844,0.0,0.0,0.0,0.0
894,0.6572178770949756,0.7741934815592482,1.8700000000000048,0.0,0.0,0.0,0.0
895,0.6592410714285749,0.776996071428573,2.470000000000005,0.0,0.0,0.0,0.0
896,0.6584949832775955,0.776628201146681,-0.00999999999999801,0.0,0.0,0.0,0.0
897,0.6575389755011171,0.7765831227824513,-0.1999999999999985,0.0,0.0,0.0,0.0
898,0.6579977753058989,0.7759075679237772,1.070000000000004,0.0,0.0,0.0,0.0
899,0.6570222222222256,0.7759010228649131,-0.21999999999999864,0.0,0.0,0.0,0.0
900,0.6561931187569401,0.7756582693303752,-0.08999999999999853,0.0,0.0,0.0,0.0
901,0.6557649667405798,0.7749627327113766,0.2700000000000029,0.0,0.0,0.0,0.0
902,0.6548172757475116,0.7749145730049887,-0.1999999999999985,0.0,0.0,0.0,0.0
903,0.654303097345136,0.7742954163359124,0.1900000000000026,0.0,0.0,0.0,0.0
904,0.6537348066298375,0.7737311685327352,0.14000000000000257,0.0,0.0,0.0,0.0
905,0.6544370860927184,0.7733230529435455,1.2900000000000038,0.0,0.0,0.0,0.0
906,0.6541234840132336,0.7725586955516467,0.3700000000000019,0.0,0.0,0.0,0.0
907,0.6532599118942763,0.7723840690857711,-0.12999999999999856,0.0,0.0,0.0,0.0
908,0.6526732673267359,0.7718462598682791,0.12000000000000233,0.0,0.0,0.0,0.0
909,0.6528791208791241,0.7710357059442223,0.8400000000000039,0.0,0.0,0.0,0.0
910,0.6538199780461065,0.7709948422817593,1.5100000000000044,0.0,0.0,0.0,0.0
911,0.654276315789477,0.7703384438731311,1.070000000000004,0.0,0.0,0.0,0.0
912,0.6547426067908029,0.7696922856497777,1.080000000000004,0.0,0.0,0.0,0.0
913,0.6549671772428917,0.7688953439379174,0.8600000000000039,0.0,0.0,0.0,0.0
914,0.6553879781420797,0.7682161239253401,1.0400000000000023,0.0,0.0,0.0,0.0
915,0.6560917030567718,0.7678301730021251,1.3000000000000047,0.0,0.0,0.0,0.0
916,0.6564013086150523,0.7670798300419551,0.9400000000000024,0.0,0.0,0.0,0.0
917,0.6557189542483692,0.7666707475356569,0.03000000000000158,0.0,0.0,0.0,0.0
918,0.6569205658324297,0.767162511112535,1.7600000000000047,0.0,0.0,0.0,0.0
919,0.657271739130438,0.7664411883190628,0.980000000000004,0.0,0.0,0.0,0.0
920,0.6576112920738361,0.765714287872352,0.9700000000000026,0.0,0.0,0.0,0.0
921,0.657017353579179,0.7652081408494508,0.11000000000000254,0.0,0.0,0.0,0.0
922,0.6561646803900358,0.7650492656926053,-0.12999999999999856,0.0,0.0,0.0,0.0
923,0.6615584415584449,0.7911020106653925,5.640000000000008,0.0,0.0,0.0,0.0
924,0.6622054054054087,0.7906330097110114,1.2600000000000038,0.0,0.0,0.0,0.0
925,0.6621274298056189,0.7897839015819291,0.5900000000000021,0.0,0.0,0.0,0.0
926,0.6617152103559903,0.7890885235588936,0.2800000000000029,0.0,0.0,0.0,0.0
927,0.6621228448275895,0.7883914972984802,1.040000000000004,0.0,0.0,0.0,0.0
928,0.6617438105489807,0.7876754041238277,0.31000000000000316,0.0,0.0,0.0,0.0
929,0.6612580645161323,0.7870469623945291,0.21000000000000285,0.0,0.0,0.0,0.0
930,0.660870032223419,0.7863408551332264,0.30000000000000315,0.0,0.0,0.0,0.0
931,0.6603326180257544,0.7857654101916365,0.1600000000000028,0.0,0.0,0.0,0.0
932,0.6594319399785671,0.7856791833993456,-0.1799999999999985,0.0,0.0,0.0,0.0
933,0.6594325481798748,0.7848370838698143,0.6600000000000035,0.0,0.0,0.0,0.0
934,0.6588449197860996,0.7843196493719169,0.11000000000000165,0.0,0.0,0.0,0.0
935,0.6579059829059862,0.7843059847342215,-0.21999999999999864,0.0,0.0,0.0,0.0
936,0.657278548559235,0.783836923396183,0.07000000000000162,0.0,0.0,0.0,0.0
937,0.6576972281449927,0.783164808978436,1.0500000000000032,0.0,0.0,0.0,0.0
938,0.6568583599574048,0.7829906526246009,-0.12999999999999845,0.0,0.0,0.0,0.0
939,0.6575957446808544,0.782667908821065,1.3500000000000043,0.0,0.0,0.0,0.0
940,0.6585122210414486,0.7826256564994248,1.5200000000000027,0.0,0.0,0.0,0.0
941,0.6578874734607252,0.7821616323827717,0.07000000000000184,0.0,0.0,0.0,0.0
942,0.656977730646875,0.7821117691426167,-0.1999999999999985,0.0,0.0,0.0,0.0
943,0.6563135593220373,0.7816988029548697,0.03000000000000158,0.0,0.0,0.0,0.0
944,0.6565714285714319,0.7809335714285729,0.9000000000000039,0.0,0.0,0.0,0.0
945,0.656374207188164,0.7801439825721236,0.4700000000000033,0.0,0.0,0.0,0.0
946,0.6554593453009536,0.7801119187999953,-0.20999999999999863,0.0,0.0,0.0,0.0
947,0.6558649789029568,0.7794441295853232,1.040000000000004,0.0,0.0,0.0,0.0
948,0.6558482613277166,0.778622196360372,0.6400000000000021,0.0,0.0,0.0,0.0
949,0.6564315789473716,0.7781249768731644,1.2100000000000033,0.0,0.0,0.0,0.0
950,0.6561093585699296,0.7774046364491686,0.3500000000000032,0.0,0.0,0.0,0.0
951,0.6561869747899192,0.7765929113759084,0.7300000000000022,0.0,0.0,0.0,0.0
952,0.6558656873032561,0.7758755365630003,0.35000000000000187,0.0,0.0,0.0,0.0
953,0.6550838574423512,0.7756445365072467,-0.08999999999999853,0.0,0.0,0.0,0.0
954,0.6547539267015738,0.7749354477702058,0.3400000000000032,0.0,0.0,0.0,0.0
955,0.6539539748954006,0.7747357633244994,-0.10999999999999843,0.0,0.0,0.0,0.0
956,0.6542215256008391,0.7739938755612701,0.9100000000000039,0.0,0.0,0.0,0.0
957,0.6533611691022996,0.7738942288772124,-0.16999999999999849,0.0,0.0,0.0,0.0
958,0.6526485922836319,0.773573353419208,-0.02999999999999836,0.0,0.0,0.0,0.0
959,0.6530312500000032,0.7729072774374365,1.020000000000004,0.0,0.0,0.0,0.0
960,0.6521436004162363,0.7728593585241085,-0.1999999999999985,0.0,0.0,0.0,0.0
961,0.6512370062370094,0.7728458147373356,-0.21999999999999864,0.0,0.0,0.0,0.0
962,0.6508099688473552,0.7722180542872148,0.24000000000000177,0.0,0.0,0.0,0.0
963,0.65002074688797,0.772016614314708,-0.10999999999999843,0.0,0.0,0.0,0.0
964,0.6491398963730601,0.7719645084170034,-0.1999999999999985,0.0,0.0,0.0,0.0
965,0.6485507246376843,0.7714998663362636,0.08000000000000207,0.0,0.0,0.0,0.0
966,0.6494415718717714,0.7714686319345884,1.5100000000000044,0.0,0.0,0.0,0.0
967,0.65080578512397,0.7724723593460237,1.9700000000000044,0.0,0.0,0.0,0.0
968,0.6508668730650186,0.7716779667630443,0.7100000000000029,0.0,0.0,0.0,0.0
969,0.6508144329896938,0.7708842689349222,0.6000000000000036,0.0,0.0,0.0,0.0
970,0.6504737384140092,0.7702022495673516,0.3200000000000025,0.0,0.0,0.0,0.0
971,0.6495987654321018,0.7701531859099074,-0.1999999999999985,0.0,0.0,0.0,0.0
972,0.6498458376156249,0.7694202436992222,0.8900000000000037,0.0,0.0,0.0,0.0
973,0.6500924024640687,0.7686886862114901,0.8900000000000039,0.0,0.0,0.0,0.0
974,0.6497846153846184,0.7679918426788834,0.3500000000000032,0.0,0.0,0.0,0.0
975,0.6489549180327899,0.7678760348886103,-0.15999999999999848,0.0,0.0,0.0,0.0
976,0.6485568065506684,0.7672441240750391,0.2600000000000018,0.0,0.0,0.0,0.0
977,0.6491206543967311,0.766769747966001,1.2000000000000042,0.0,0.0,0.0,0.0
978,0.6494382022471941,0.766084448886746,0.9600000000000044,0.0,0.0,0.0,0.0
979,0.6501122448979623,0.7657471783994514,1.3100000000000043,0.0,0.0,0.0,0.0
980,0.6503567787971488,0.7650244644157373,0.8900000000000039,0.0,0.0,0.0,0.0
981,0.649653767820777,0.7647299513568406,-0.03999999999999837,0.0,0.0,0.0,0.0
982,0.6488402848423225,0.7646017086809794,-0.14999999999999847,0.0,0.0,0.0,0.0
983,0.6479776422764258,0.764556129713257,-0.1999999999999985,0.0,0.0,0.0,0.0
984,0.6479086294416274,0.7637838331063529,0.5800000000000036,0.0,0.0,0.0,0.0
985,0.647028397565926,0.7637723788881926,-0.21999999999999864,0.0,0.0,0.0,0.0
986,0.6461702127659605,0.7637246687669947,-0.1999999999999985,0.0,0.0,0.0,0.0
987,0.6454048582995983,0.7635296231577322,-0.10999999999999854,0.0,0.0,0.0,0.0
988,0.6453791708796796,0.7627574724806899,0.6200000000000037,0.0,0.0,0.0,0.0
989,0.6446363636363668,0.7625324763305467,-0.08999999999999841,0.0,0.0,0.0,0.0
990,0.6447426841574199,0.7617734438226886,0.7500000000000038,0.0,0.0,0.0,0.0
991,0.6456854838709709,0.7618865124833192,1.5800000000000045,0.0,0.0,0.0,0.0
992,0.6450553877140012,0.7615127237436262,0.020000000000001794,0.0,0.0,0.0,0.0
993,0.6443863179074478,0.7611908113332579,-0.01999999999999802,0.0,0.0,0.0,0.0
994,0.6448944723618122,0.7606819556535207,1.1500000000000041,0.0,0.0,0.0,0.0
995,0.6440461847389589,0.7606341646989986,-0.1999999999999985,0.0,0.0,0.0,0.0
996,0.6431895687061214,0.7606020654332492,-0.20999999999999863,0.0,0.0,0.0,0.0
997,0.6423446893787605,0.760551568131249,-0.1999999999999985,0.0,0.0,0.0,0.0
998,0.6420720720720751,0.7598637382873872,0.3700000000000023,0.0,0.0,0.0,0.0
999,0.642470000000003,0.7592614605605621,1.040000000000004,0.0,0.0,0.0,0.0
