,sample_mean_score,sample_variance_score,scores
0,-0.1999999999999985,0.0,-0.1999999999999985
1,-0.1999999999999985,0.0,-0.1999999999999985
2,-0.16999999999999849,0.002700000000000005,-0.10999999999999843
3,-0.04499999999999818,0.06430000000000032,0.33000000000000274
4,0.19600000000000237,0.33863000000000154,1.1600000000000046
5,0.13833333333333556,0.290856666666668,-0.14999999999999847
6,0.2785714285714308,0.38004761904762024,1.1200000000000023
7,0.2925000000000023,0.32730714285714385,0.390000000000003
8,0.23777777777778,0.3133444444444454,-0.1999999999999985
9,0.19400000000000217,0.29769333333333425,-0.1999999999999985
10,0.15818181818182028,0.28203636363636453,-0.1999999999999985
11,0.12833333333333538,0.26708787878787965,-0.1999999999999985
12,0.15384615384615602,0.25329230769230854,0.4600000000000035
13,0.13428571428571642,0.23916483516483597,-0.11999999999999844
14,0.13600000000000217,0.22212571428571506,0.16000000000000258
15,0.11562500000000213,0.2139595833333341,-0.1899999999999985
16,0.10764705882353151,0.20166911764705955,-0.01999999999999824
17,0.09055555555555762,0.19506437908496801,-0.1999999999999985
18,0.1363157894736864,0.22401345029239852,0.9600000000000044
19,0.13100000000000217,0.21278842105263243,0.030000000000001803
20,0.11523809523809737,0.2073661904761913,-0.1999999999999985
21,0.19909090909091132,0.35218008658008765,1.960000000000004
22,0.1817391304347848,0.34309683794466506,-0.1999999999999985
23,0.1929166666666689,0.33117807971014596,0.4500000000000035
24,0.1772000000000022,0.32355433333333433,-0.1999999999999985
25,0.16269230769230986,0.31608446153846254,-0.1999999999999985
26,0.20000000000000223,0.34150769230769334,1.1700000000000037
27,0.21214285714285938,0.3329878306878317,0.5400000000000027
28,0.2231034482758643,0.32457931034482856,0.5300000000000027
29,0.2090000000000022,0.31935413793103545,-0.1999999999999985
30,0.19516129032258284,0.31464580645161383,-0.21999999999999864
31,0.1940625000000022,0.3045345766129041,0.16000000000000192
32,0.1830303030303052,0.2990342803030312,-0.16999999999999849
33,0.19558823529411987,0.2953344919786105,0.6100000000000034
34,0.18514285714285933,0.2904668907563034,-0.16999999999999849
35,0.18694444444444663,0.28228468253968336,0.2500000000000018
36,0.1856756756756779,0.27450300300300384,0.14000000000000257
37,0.17552631578947586,0.2709983641536281,-0.1999999999999985
38,0.1792307692307714,0.2644020242914988,0.32000000000000184
39,0.16975000000000215,0.2612178846153854,-0.1999999999999985
40,0.1897560975609778,0.2710974390243911,0.990000000000004
41,0.19857142857143079,0.26774912891986147,0.5600000000000029
42,0.19651162790697896,0.26155658914728763,0.11000000000000276
43,0.1875000000000022,0.2590470930232566,-0.1999999999999985
44,0.20555555555555777,0.2678297979797988,1.000000000000003
45,0.20608695652174133,0.2618910144927544,0.23000000000000176
46,0.19744680851064048,0.25970638297872417,-0.1999999999999985
47,0.19916666666666885,0.25432269503546173,0.280000000000002
48,0.19081632653061442,0.2524409863945586,-0.20999999999999863
49,0.22540000000000224,0.30709065306122546,1.9200000000000048
50,0.217058823529414,0.30449717647058916,-0.1999999999999985
51,0.2217307692307715,0.29966165158371133,0.4600000000000042
52,0.21679245283019094,0.2951914368650227,-0.03999999999999826
53,0.21370370370370595,0.290136967155836,0.05000000000000182
54,0.21000000000000224,0.28551851851851945,0.010000000000001785
55,0.20267857142857365,0.28332905844155937,-0.1999999999999985
56,0.21000000000000224,0.2813250000000009,0.6200000000000037
57,0.22793103448276086,0.29503774954628037,1.2500000000000024
58,0.22067796610169715,0.29305470485096524,-0.1999999999999985
59,0.2136666666666689,0.29103717514124383,-0.1999999999999985
60,0.20688524590164156,0.2889918032786894,-0.1999999999999985
61,0.2003225806451635,0.28692448439978935,-0.1999999999999985
62,0.19396825396825618,0.28484045058883856,-0.19999999999999862
63,0.1901562500000022,0.2812491815476199,-0.04999999999999827
64,0.19107692307692528,0.2769097596153855,0.25000000000000266
65,0.18515151515151734,0.27496689976690064,-0.1999999999999985
66,0.18477611940298727,0.27081017639077426,0.1600000000000028
67,0.1791176470588257,0.2689454784899043,-0.1999999999999985
68,0.17376811594203115,0.26696500426257547,-0.1899999999999985
69,0.17171428571428787,0.26339122153209193,0.030000000000001803
70,0.16647887323943877,0.26157456740442736,-0.1999999999999985
71,0.1670833333333355,0.25791672535211346,0.2100000000000024
72,0.1620547945205501,0.2561804414003052,-0.1999999999999985
73,0.16081081081081297,0.25278563495001927,0.07000000000000184
74,0.15600000000000216,0.2511054054054062,-0.1999999999999985
75,0.15131578947368637,0.24942491228070252,-0.1999999999999985
76,0.15961038961039178,0.25144063568011016,0.7900000000000027
77,0.1551282051282073,0.2497421911421919,-0.1899999999999985
78,0.1553164556962047,0.24654316780266222,0.1700000000000026
79,0.15087500000000215,0.24500049050632985,-0.1999999999999985
80,0.1756790123456812,0.2917723456790132,2.1600000000000055
81,0.17109756097561193,0.28989137308039836,-0.1999999999999985
82,0.17240963855421906,0.286499000881576,0.28000000000000336
83,0.16797619047619267,0.28469826448651836,-0.1999999999999985
84,0.1636470588235316,0.28290201680672356,-0.1999999999999985
85,0.15941860465116495,0.28111142270861916,-0.1999999999999985
86,0.15563218390804812,0.2790900026730829,-0.16999999999999849
87,0.1529545454545476,0.27651300940438955,-0.07999999999999785
88,0.16078651685393475,0.27883005617977613,0.8500000000000039
89,0.15677777777777993,0.2771434332084903,-0.1999999999999985
90,0.15758241758241973,0.2741229792429801,0.23000000000000198
91,0.15369565217391518,0.27250047778308734,-0.1999999999999985
92,0.1562365591397871,0.2701389434315109,0.3900000000000037
93,0.17659574468085326,0.3061968885838491,2.0700000000000056
94,0.1726315789473706,0.30443236282194946,-0.1999999999999985
95,0.17364583333333553,0.3013265679824571,0.2700000000000018
96,0.17185567010309497,0.298498603951891,1.7763568394002505e-15
97,0.1680612244897981,0.29683228487271296,-0.1999999999999985
98,0.1644444444444466,0.2950984126984137,-0.1899999999999985
99,0.16060000000000216,0.29359559595959694,-0.21999999999999864
100,0.15970297029703187,0.29074091089109005,0.07000000000000273
101,0.15882352941176686,0.2879411764705892,0.07000000000000184
102,0.16349514563107012,0.2873660955644403,0.6400000000000037
103,0.16000000000000214,0.28584660194174855,-0.1999999999999985
104,0.16428571428571642,0.2850266483516493,0.6100000000000032
105,0.16150943396226627,0.2831291284815822,-0.12999999999999845
106,0.16177570093458157,0.2804656850643635,0.19000000000000217
107,0.15842592592592805,0.27905637763932245,-0.1999999999999985
108,0.1553211009174333,0.277523275569148,-0.1799999999999985
109,0.1520000000000021,0.2761904587155972,-0.20999999999999863
110,0.15018018018018228,0.2740472399672409,-0.04999999999999827
111,0.14705357142857353,0.2726732223294732,-0.1999999999999985
112,0.14849557522124104,0.2704736093552474,0.31000000000000205
113,0.1517543859649144,0.2692907002018329,0.520000000000002
114,0.15208695652174123,0.26694122044241125,0.19000000000000217
115,0.14905172413793313,0.2656886581709154,-0.1999999999999985
116,0.14606837606837816,0.2644395814913065,-0.1999999999999985
117,0.14372881355932413,0.2628252933507179,-0.12999999999999845
118,0.14084033613445587,0.26159081327446315,-0.1999999999999985
119,0.14758333333333545,0.26484873249299806,0.950000000000004
120,0.14487603305785335,0.26352852617079975,-0.1799999999999985
121,0.15581967213114967,0.2759617192792314,1.4800000000000044
122,0.15308943089431107,0.274616606690658,-0.1799999999999985
123,0.1502419354838731,0.27338937188565526,-0.1999999999999985
124,0.15840000000000215,0.2795038709677429,1.1700000000000041
125,0.1621428571428593,0.2790329714285724,0.6300000000000037
126,0.1591338582677187,0.27796829146356805,-0.21999999999999864
127,0.16281250000000216,0.27751171259842616,0.6300000000000028
128,0.16000000000000217,0.27636406250000095,-0.1999999999999985
129,0.16746153846154066,0.2814593977340499,1.1300000000000046
130,0.16854961832061288,0.27944941867293105,0.31000000000000316
131,0.17090909090909312,0.2780510756419163,0.48000000000000353
132,0.17082706766917516,0.27594552289815544,0.16000000000000258
133,0.16805970149253954,0.27489695881494874,-0.1999999999999985
134,0.16829629629629853,0.27285304588170356,0.2000000000000024
135,0.16889705882353165,0.2708809967320271,0.2500000000000031
136,0.16620437956204603,0.26988254615714996,-0.1999999999999985
137,0.16362318840579934,0.2688320321591039,-0.1899999999999985
138,0.16618705035971448,0.2677976749035563,0.5200000000000036
139,0.16550000000000226,0.2659371582733822,0.07000000000000206
140,0.16290780141844197,0.2649850557244184,-0.1999999999999985
141,0.1603521126760586,0.2640332084706832,-0.1999999999999985
142,0.15783216783217008,0.2630818871269585,-0.1999999999999985
143,0.15534722222222447,0.26213134712509806,-0.1999999999999985
144,0.15289655172414018,0.26118182950191665,-0.1999999999999985
145,0.15047945205479676,0.26023356164383654,-0.1999999999999985
146,0.14870748299319952,0.25891270151896467,-0.10999999999999821
147,0.15520270270270495,0.2633951967273405,1.1100000000000032
148,0.1554362416107405,0.2616236259749692,0.19000000000000217
149,0.19246666666666895,0.4655556196868022,5.710000000000007
150,0.19801324503311488,0.4670973598234009,1.030000000000004
151,0.19539473684210756,0.465046200766819,-0.1999999999999985
152,0.19281045751634215,0.46300849673202754,-0.1999999999999985
153,0.1933116883116906,0.46002098718275325,0.2700000000000027
154,0.19083870967742164,0.4579817595307932,-0.1899999999999985
155,0.19346153846154074,0.4561001985111676,0.6000000000000021
156,0.19509554140127616,0.4535956638902513,0.4500000000000026
157,0.19537974683544532,0.4507192816254146,0.24000000000000266
158,0.19377358490566265,0.4482768091712457,-0.05999999999999828
159,0.19131250000000227,0.4464265683962278,-0.1999999999999985
160,0.191242236024847,0.4436371972049703,0.18000000000000194
161,0.18993827160494053,0.44115713902308246,-0.01999999999999824
162,0.18944785276073847,0.4384731500416586,0.11000000000000254
163,0.18981707317073399,0.4358054878048795,0.25000000000000266
164,0.18745454545454773,0.43406909090909235,-0.1999999999999985
165,0.18777108433735168,0.4314550018254852,0.24000000000000266
166,0.18544910179640947,0.42975627299617775,-0.1999999999999985
167,0.18833333333333563,0.42858043912175786,0.6700000000000033
168,0.18621301775148158,0.4267891448295308,-0.16999999999999849
169,0.18394117647059052,0.4251411799512718,-0.1999999999999985
170,0.18771929824561634,0.42508123839009426,0.8300000000000038
171,0.1902325581395372,0.4236818169454658,0.6200000000000039
172,0.18797687861271908,0.4220987901599691,-0.1999999999999985
173,0.18873563218391037,0.4197590857750329,0.32000000000000184
174,0.18651428571428805,0.4182101937602641,-0.1999999999999985
175,0.1851136363636387,0.4161657012987027,-0.05999999999999839
176,0.18305084745762945,0.41455427580893817,-0.1799999999999985
177,0.1808988764044967,0.41303647559195206,-0.1999999999999985
178,0.17893854748603583,0.41140392316866614,-0.16999999999999849
179,0.18033333333333565,0.4094557541899454,0.4300000000000035
180,0.17823204419889735,0.4079801903007993,-0.1999999999999985
181,0.17615384615384846,0.40651219719507137,-0.1999999999999985
182,0.17409836065574,0.4050517924698265,-0.1999999999999985
183,0.17206521739130665,0.40359899025897006,-0.1999999999999985
184,0.17005405405405635,0.4021538014101069,-0.1999999999999985
185,0.16887096774193777,0.40024034001743797,-0.04999999999999827
186,0.1706951871657777,0.3987108044390788,0.5100000000000031
187,0.16872340425532145,0.3973095915348742,-0.1999999999999985
188,0.19804232804233038,0.5576605088371059,5.710000000000007
189,0.19594736842105495,0.5555438067390713,-0.1999999999999985
190,0.20015706806282954,0.5560047120418863,1.000000000000003
191,0.19802083333333564,0.5539698843804552,-0.20999999999999863
192,0.19595854922280023,0.551905456606219,-0.1999999999999985
193,0.19628865979381674,0.5490669836013048,0.26000000000000334
194,0.19425641025641255,0.5470420988633374,-0.1999999999999985
195,0.19474489795918595,0.5442835243328115,0.29000000000000226
196,0.1929441624365505,0.5421453693152402,-0.15999999999999848
197,0.19095959595959822,0.540173186176487,-0.1999999999999985
198,0.1889949748743741,0.5382131262372482,-0.1999999999999985
199,0.18705000000000224,0.5362651231155792,-0.1999999999999985
200,0.1850248756218928,0.5344081243781108,-0.21999999999999864
201,0.18311881188119036,0.5324832594453488,-0.1999999999999985
202,0.18566502463054413,0.5311632931766096,0.7000000000000033
203,0.18931372549019834,0.531262580894428,0.9300000000000039
204,0.1950731707317096,0.5354584505021533,1.3700000000000043
205,0.19315533980582753,0.533604141605495,-0.1999999999999985
206,0.192850241545896,0.5310330988227582,0.1300000000000021
207,0.19509615384615614,0.5295168989223349,0.6600000000000021
208,0.19411483253588746,0.5271724098270163,-0.009999999999998233
209,0.19738095238095468,0.5268902369560277,0.8800000000000039
210,0.20075829383886487,0.5267879936808859,0.9100000000000039
211,0.20066037735849288,0.5242934006974885,0.1800000000000026
212,0.2004225352112699,0.5218323677916568,0.15000000000000213
213,0.19897196261682473,0.5198327409942534,-0.10999999999999843
214,0.19930232558139765,0.517427081069334,0.27000000000000224
215,0.1974074074074097,0.5157960378983647,-0.20999999999999863
216,0.2059447004608318,0.5292242191500269,2.050000000000005
217,0.20408256880734174,0.5275413203399159,-0.19999999999999862
218,0.2026484018264863,0.5255718528758758,-0.10999999999999843
219,0.20109090909091137,0.5237056537982578,-0.13999999999999824
220,0.19927601809954978,0.5220531098313465,-0.1999999999999985
221,0.2039189189189212,0.5244764277852526,1.2300000000000042
222,0.20659192825112335,0.5237072516462664,0.8000000000000023
223,0.20687500000000228,0.5213767376681627,0.27000000000000224
224,0.21364444444444675,0.5293598730158744,1.730000000000005
225,0.2131858407079669,0.5270546941986247,0.11000000000000276
226,0.21273127753304194,0.5247694982651762,0.1100000000000021
227,0.21092105263158123,0.5232048747971263,-0.1999999999999985
228,0.2119650655021857,0.5211597180724751,0.4500000000000033
229,0.21017391304348054,0.5196218036833126,-0.1999999999999985
230,0.20865800865801093,0.5178934086203665,-0.13999999999999846
231,0.2073275862068988,0.5160620913569203,-0.09999999999999842
232,0.20557939914163315,0.5145497706082595,-0.1999999999999985
233,0.2038461538461561,0.5130443710795656,-0.1999999999999985
234,0.2043829787234065,0.510919596290236,0.3300000000000023
235,0.2027118644067819,0.5094045293905531,-0.1899999999999985
236,0.20101265822785033,0.5079303261102781,-0.1999999999999985
237,0.1993697478991619,0.5064295589121738,-0.1899999999999985
238,0.1976987447698767,0.5049690517211082,-0.1999999999999985
239,0.2010416666666689,0.5055382409344504,1.0000000000000044
240,0.20091286307054165,0.50343582987552,0.1700000000000026
241,0.20020661157025016,0.5014675919893021,0.030000000000001803
242,0.19855967078189524,0.5000545284494794,-0.1999999999999985
243,0.19713114754098585,0.49849461647439935,-0.14999999999999847
244,0.19861224489796142,0.49698904984944936,0.5600000000000043
245,0.19699186991870143,0.49560642442342934,-0.1999999999999985
246,0.19538461538461763,0.4942298311444667,-0.1999999999999985
247,0.19467741935484095,0.4923529319576872,0.020000000000001794
248,0.19449799196787373,0.49037565422982393,0.15000000000000258
249,0.19356000000000226,0.4886262313253026,-0.03999999999999826
250,0.1919920318725122,0.48728881593625634,-0.1999999999999985
251,0.19043650793651018,0.4859571792196308,-0.1999999999999985
252,0.1937549407114647,0.48681481272350974,1.030000000000004
253,0.192440944881892,0.4853291961034529,-0.13999999999999846
254,0.1961960784313748,0.48701421337038886,1.1500000000000041
255,0.19785156250000224,0.48580595435049156,0.6200000000000021
256,0.19630350194552754,0.48452417315175234,-0.1999999999999985
257,0.19965116279069992,0.48553022803366347,1.060000000000004
258,0.20073359073359298,0.4839517853401588,0.48000000000000287
259,0.20030769230769455,0.48213040689040826,0.09000000000000208
260,0.1987739463601555,0.48089002947244464,-0.1999999999999985
261,0.1972519083969488,0.47965448802316535,-0.1999999999999985
262,0.19889733840304408,0.4785358023974704,0.6300000000000041
263,0.1973484848484871,0.477349596727735,-0.20999999999999863
264,0.1972830188679268,0.4755425900514594,0.18000000000000238
265,0.20300751879699475,0.4824648829621237,1.720000000000005
266,0.20539325842696857,0.48217080341302837,0.8400000000000039
267,0.20388059701492764,0.4809781429929021,-0.1999999999999985
268,0.2023791821561361,0.4797898407590316,-0.1999999999999985
269,0.20088888888889114,0.47860589838909684,-0.1999999999999985
270,0.19940959409594322,0.47742631679650266,-0.1999999999999985
271,0.1979411764705905,0.47625109615802186,-0.1999999999999985
272,0.19648351648351875,0.4750802359405315,-0.1999999999999985
273,0.19503649635036724,0.473913734926875,-0.1999999999999985
274,0.19360000000000227,0.4727515912408773,-0.1999999999999985
275,0.19326086956521965,0.4710642371541516,0.10000000000000187
276,0.1918411552346593,0.46991580076387934,-0.1999999999999985
277,0.19215827338129723,0.46824731059917546,0.28000000000000225
278,0.19075268817204527,0.4671141796240441,-0.1999999999999985
279,0.1893571428571451,0.46598524833589483,-0.1999999999999985
280,0.18946619217082075,0.4643243568886643,0.2200000000000033
281,0.18819148936170438,0.46313016960702796,-0.16999999999999849
282,0.1875265017667867,0.46161300904694014,1.6653345369377348e-15
283,0.19028169014084734,0.46213772955755866,0.970000000000004
284,0.1903157894736865,0.46051081541883004,0.20000000000000306
285,0.1889160839160862,0.4594553122316293,-0.20999999999999863
286,0.18749128919860855,0.4584314466021796,-0.21999999999999864
287,0.18614583333333562,0.4573554769163775,-0.1999999999999985
288,0.18619377162629985,0.45576810121107386,0.2000000000000024
289,0.18500000000000227,0.4546043252595168,-0.15999999999999848
290,0.18367697594501944,0.45354608839910054,-0.1999999999999985
291,0.1850684931506872,0.4525529162547674,0.5900000000000041
292,0.19146757679181117,0.4630009210341775,2.060000000000004
293,0.19017006802721317,0.4619156706368565,-0.1899999999999985
294,0.19854237288135823,0.48102269802836495,2.6600000000000037
295,0.19716216216216445,0.4799559871736154,-0.20999999999999863
296,0.19582491582491812,0.47886561789061893,-0.1999999999999985
297,0.19583892617449894,0.4772533342372279,0.2000000000000024
298,0.19525083612040364,0.4757552221050043,0.020000000000001794
299,0.19436666666666896,0.4743985942028996,-0.06999999999999806
300,0.19318936877076642,0.47323446068660124,-0.15999999999999848
301,0.19264900662251885,0.47175043453389465,0.030000000000001803
302,0.1913861386138637,0.4706715821913327,-0.1899999999999985
303,0.1906250000000023,0.4692943275577568,-0.03999999999999826
304,0.18937704918033016,0.468225597497844,-0.1899999999999985
305,0.19065359477124413,0.46718907960998707,0.5800000000000036
306,0.189381107491859,0.46615941964190777,-0.1999999999999985
307,0.1892857142857166,0.46464378780828397,0.16000000000000258
308,0.18919093851132918,0.4631379796578836,0.16000000000000214
309,0.19693548387097007,0.4802323259212872,2.5900000000000043
310,0.19627009646302485,0.478820881651282,-0.00999999999999801
311,0.19500000000000234,0.47778456591639973,-0.1999999999999985
312,0.19386581469648795,0.4766558409109538,-0.15999999999999848
313,0.19261146496815518,0.4756270242770813,-0.1999999999999985
314,0.19136507936508168,0.47460163380851383,-0.1999999999999985
315,0.19012658227848334,0.4735796664657435,-0.1999999999999985
316,0.1898107255520528,0.4721126222896629,0.09000000000000208
317,0.19044025157232938,0.4707493323810102,0.39000000000000257
318,0.1892163009404412,0.4697468681611178,-0.1999999999999985
319,0.18862500000000232,0.46838619122257164,1.7763568394002505e-15
320,0.1877570093457967,0.4671643282710291,-0.08999999999999841
321,0.18919254658385323,0.46637255471062977,0.6500000000000035
322,0.18897832817337692,0.4649390150568247,0.12000000000000188
323,0.1878395061728418,0.4639197760195707,-0.1799999999999985
324,0.18661538461538693,0.4629749287749299,-0.20999999999999863
325,0.1855521472392661,0.46191892496460707,-0.15999999999999848
326,0.18489296636085856,0.460644083600684,-0.02999999999999836
327,0.18570121951219742,0.4594496596926989,0.4500000000000035
328,0.1858966565349567,0.4580614648973248,0.25000000000000266
329,0.18472727272727502,0.45712044211108144,-0.1999999999999985
330,0.18356495468278175,0.45618240410143834,-0.1999999999999985
331,0.18240963855421916,0.45524734830561014,-0.1999999999999985
332,0.1814114114114137,0.4542079416766174,-0.14999999999999847
333,0.1802694610778466,0.45327950675226225,-0.1999999999999985
334,0.18014925373134558,0.4519272231656101,0.1400000000000019
335,0.17916666666666894,0.4509025870646777,-0.14999999999999847
336,0.17854599406528418,0.44969043909848905,-0.02999999999999825
337,0.18005917159763543,0.449129966814743,0.6900000000000028
338,0.17985250737463357,0.4478156586549381,0.1100000000000021
339,0.1786764705882376,0.4469649097692184,-0.21999999999999864
340,0.17759530791789085,0.44604890633086175,-0.1899999999999985
341,0.17792397660818943,0.44477778892490366,0.29000000000000226
342,0.17682215743440463,0.44389367295790594,-0.1999999999999985
343,0.1770639534883744,0.442619634381993,0.26000000000000334
344,0.17597101449275593,0.441745057296934,-0.1999999999999985
345,0.17540462427745895,0.44057563290609136,-0.01999999999999824
346,0.1743227665706075,0.43970842731255627,-0.1999999999999985
347,0.17324712643678392,0.43884389264301676,-0.1999999999999985
348,0.1722922636103175,0.43790105226756354,-0.15999999999999848
349,0.17122857142857373,0.4370423258288999,-0.1999999999999985
350,0.17017094017094248,0.43618625641025743,-0.1999999999999985
351,0.16917613636363865,0.4352919119075379,-0.1799999999999985
352,0.16813031161473316,0.434441380697915,-0.1999999999999985
353,0.16892655367231865,0.4334351050719429,0.4500000000000024
354,0.16788732394366424,0.43259411156202854,-0.1999999999999985
355,0.16955056179775507,0.43236036081658585,0.7600000000000029
356,0.17361344537815354,0.43703887262770374,1.620000000000004
357,0.17371508379888495,0.4358183723768847,0.21000000000000196
358,0.17353760445682678,0.4346123107327939,0.11000000000000254
359,0.17555555555555782,0.43486765707211494,0.9000000000000046
360,0.174515235457066,0.43405038935057044,-0.1999999999999985
361,0.17348066298342768,0.43323549685496193,-0.1999999999999985
362,0.17512396694215104,0.433018976302453,0.7700000000000038
363,0.17494505494505722,0.43183773801955727,0.11000000000000187
364,0.17391780821918035,0.4310365316874916,-0.1999999999999985
365,0.1745628415300569,0.43000789056067173,0.4100000000000028
366,0.17354223433242733,0.4292152871458148,-0.1999999999999985
367,0.17451086956521966,0.4283910407534662,0.5300000000000042
368,0.17349593495935187,0.4276070387062576,-0.1999999999999985
369,0.17248648648648876,0.4268252369442623,-0.1999999999999985
370,0.17148247978436884,0.4260456341516729,-0.1999999999999985
371,0.17569892473118506,0.4315108309422379,1.7400000000000042
372,0.17477211796246875,0.4306712516936214,-0.16999999999999849
373,0.17500000000000226,0.4295360589812342,0.26000000000000334
374,0.17402666666666894,0.42874283351158743,-0.1899999999999985
375,0.17398936170212992,0.42760004255319245,0.16000000000000214
376,0.1751989389920447,0.4270143885095105,0.6300000000000041
377,0.1752380952380975,0.4258823039029945,0.19000000000000195
378,0.1742480211081817,0.4251271446720005,-0.1999999999999985
379,0.17568421052631805,0.4247892403832811,0.7200000000000042
380,0.17469816272966104,0.4240418165492481,-0.1999999999999985
381,0.17641361256544727,0.42405298333127306,0.830000000000003
382,0.17663185378590301,0.4229611389826811,0.2600000000000027
383,0.17598958333333556,0.4220152061575293,-0.0699999999999984
384,0.17501298701298923,0.4212833982683992,-0.1999999999999985
385,0.1740414507772043,0.4205534943812674,-0.1999999999999985
386,0.17501291989664305,0.41982920967720433,0.5500000000000043
387,0.17590206185567234,0.4190511221662814,0.520000000000002
388,0.17694087403599196,0.41839087536109076,0.5800000000000036
389,0.17628205128205351,0.41748459890580814,-0.07999999999999807
390,0.17734015345268767,0.41685188143484914,0.5900000000000041
391,0.17637755102041042,0.41614899264053545,-0.1999999999999985
392,0.17743002544529488,0.415522715116582,0.5900000000000039
393,0.17781725888325098,0.4145244856046819,0.33000000000000274
394,0.17686075949367314,0.4138337749791181,-0.1999999999999985
395,0.17739898989899214,0.41290081255594013,0.390000000000003
396,0.1769017632241836,0.41195628577971244,-0.01999999999999824
397,0.17909547738693693,0.41283394048327376,1.0500000000000032
398,0.17814536340852355,0.412156853188248,-0.1999999999999985
399,0.17727500000000224,0.411426891604011,-0.16999999999999849
400,0.17740648379052593,0.4104052568578564,0.2300000000000031
401,0.1765174129353256,0.4096995620401742,-0.1799999999999985
402,0.17553349875930743,0.40907054800439596,-0.21999999999999864
403,0.1746039603960418,0.40840455740363224,-0.1999999999999985
404,0.17367901234568123,0.4077401442366469,-0.1999999999999985
405,0.1727586206896574,0.40707730949340243,-0.1999999999999985
406,0.17184275184275405,0.4064160540298481,-0.1999999999999985
407,0.17098039215686495,0.40572090379149295,-0.1799999999999985
408,0.17897310513447653,0.43085482525528646,3.440000000000005
409,0.17914634146341685,0.4298136949132337,0.25000000000000266
410,0.17822384428224067,0.4291151302593327,-0.1999999999999985
411,0.18167475728155563,0.4329774803344918,1.600000000000005
412,0.1808716707021814,0.4321929276663777,-0.14999999999999847
413,0.17995169082125828,0.4314968499608155,-0.1999999999999985
414,0.1790361445783155,0.430802450381236,-0.1999999999999985
415,0.17899038461538685,0.42976524328081644,0.16000000000000214
416,0.18151079136690873,0.4313811254842289,1.2300000000000042
417,0.18059808612440417,0.43069484527210855,-0.1999999999999985
418,0.1796897374701693,0.43001019058820933,-0.1999999999999985
419,0.17900000000000224,0.42918372315035896,-0.10999999999999821
420,0.17809976247031103,0.42850304716661103,-0.1999999999999985
421,0.17720379146919657,0.42782399162454643,-0.1999999999999985
422,0.1773286052009479,0.4268167803883352,0.2300000000000033
423,0.17679245283019096,0.4259296400374692,-0.04999999999999827
424,0.17905882352941405,0.42710807436182113,1.1400000000000032
425,0.18011737089202107,0.42658045677989603,0.6300000000000023
426,0.17922716627634888,0.4259174764433606,-0.1999999999999985
427,0.18974299065420788,0.4722493483114108,4.680000000000006
428,0.18967365967366195,0.4711480240942868,0.16000000000000214
429,0.19011627906976972,0.47013401908169455,0.3800000000000019
430,0.18921113689095356,0.46939379485242644,-0.1999999999999985
431,0.18831018518518747,0.46865537455959544,-0.1999999999999985
432,0.18789838337182677,0.46764395261312225,0.010000000000001563
433,0.1905990783410161,0.4697294324240919,1.3600000000000043
434,0.18981609195402527,0.468913790984693,-0.14999999999999847
435,0.1907339449541307,0.46820313824739107,0.5900000000000021
436,0.19164759725400685,0.4674940681880219,0.5900000000000036
437,0.1907534246575365,0.4667744882605571,-0.1999999999999985
438,0.1917539863325763,0.4661482863710602,0.6300000000000037
439,0.19086363636363862,0.4654352433215997,-0.1999999999999985
440,0.192448979591839,0.46548580705009385,0.8900000000000039
441,0.19219457013574887,0.464458891761834,0.08000000000000207
442,0.192347629796842,0.46341845806563753,0.26000000000000334
443,0.19191441441441667,0.4624556946901766,1.6653345369377348e-15
444,0.19182022471910337,0.4614180757161667,0.15000000000000213
445,0.19094170403587668,0.4607254033355178,-0.1999999999999985
446,0.19183445190156823,0.46004864517811933,0.5900000000000032
447,0.19158482142857367,0.4590473708652935,0.08000000000000185
448,0.19082405345211806,0.45828257834871255,-0.14999999999999847
449,0.19322222222222446,0.4598499505073013,1.2700000000000025
450,0.1922838137472306,0.45922521704853525,-0.22999999999999865
451,0.19141592920354206,0.45854743637541073,-0.1999999999999985
452,0.19055187637969317,0.4578711549356318,-0.1999999999999985
453,0.18969162995594935,0.4571963726891707,-0.1999999999999985
454,0.18883516483516705,0.45652308950961046,-0.1999999999999985
455,0.18888157894737062,0.4555207244071729,0.2100000000000024
456,0.1888621444201335,0.45452194805942764,0.18000000000000194
457,0.18801310043668343,0.4538575315566694,-0.1999999999999985
458,0.18882352941176692,0.4531680452093513,0.5600000000000027
459,0.1908695652173935,0.4541064317514457,1.1300000000000041
460,0.1911062906724534,0.45314507780816865,0.30000000000000315
461,0.19047619047619269,0.45234554281582595,-0.0999999999999982
462,0.19140388768898708,0.4517649079502223,0.6200000000000028
463,0.19411637931034703,0.454203105217101,1.4500000000000044
464,0.19359139784946458,0.4533523757879136,-0.04999999999999827
465,0.19274678111588203,0.45270985832295096,-0.1999999999999985
466,0.19190578158458466,0.4520686777991207,-0.1999999999999985
467,0.1923076923076945,0.45117624773513537,0.3800000000000021
468,0.19147121535181458,0.45054035226796535,-0.1999999999999985
469,0.19161702127659797,0.4495897037608322,0.26000000000000245
470,0.1913163481953313,0.44867571034919024,0.05000000000000182
471,0.1915042372881378,0.4477397706826453,0.2800000000000029
472,0.1907188160676555,0.4470829567850371,-0.1799999999999985
473,0.19018987341772375,0.4462703655631986,-0.05999999999999828
474,0.18943157894737064,0.4456019968909627,-0.16999999999999849
475,0.19018907563025433,0.4449370168067238,0.5500000000000027
476,0.19018867924528526,0.44400227524972363,0.19000000000000195
477,0.19008368200837045,0.44307672254239033,0.14000000000000257
478,0.190292275574115,0.44217062569334764,0.29000000000000226
479,0.18943750000000226,0.44159822155532474,-0.21999999999999864
480,0.18862785862786088,0.4409935299722811,-0.1999999999999985
481,0.18782157676348774,0.44039004710104407,-0.1999999999999985
482,0.18795031055900846,0.43948437926857664,0.25000000000000266
483,0.18716942148760554,0.4388696109884856,-0.1899999999999985
484,0.1863711340206208,0.4382719280906546,-0.1999999999999985
485,0.18557613168724504,0.4376754405837693,-0.1999999999999985
486,0.18650924024640883,0.43719890063460787,0.6400000000000041
487,0.18698770491803504,0.43641287869862433,0.4200000000000035
488,0.1980777096114542,0.49565982181769536,5.6100000000000065
489,0.1974285714285737,0.49485267893660645,-0.11999999999999844
490,0.1966191446028536,0.49416446485722715,-0.1999999999999985
491,0.19581300813008357,0.4934777490768809,-0.1999999999999985
492,0.19521298174442417,0.49265224113194594,-0.09999999999999842
493,0.19534412955465813,0.49166144320076327,0.2600000000000027
494,0.1945454545454568,0.4909819285977193,-0.1999999999999985
495,0.19554435483871194,0.4904849556044326,0.6900000000000028
496,0.19480885311871454,0.48976493314727193,-0.1699999999999986
497,0.19459839357429945,0.4888015486493269,0.09000000000000208
498,0.19382765531062351,0.4881164441332476,-0.1899999999999985
499,0.19310000000000227,0.4874029959919851,-0.16999999999999849
500,0.19305389221557112,0.48642925508982154,0.17000000000000215
501,0.19227091633466362,0.48576609013049715,-0.1999999999999985
502,0.19149105367793468,0.48510434603534286,-0.1999999999999985
503,0.19071428571428797,0.4844440215847782,-0.1999999999999985
504,0.19069306930693294,0.483483050447903,0.18000000000000171
505,0.18986166007905364,0.48287542636872494,-0.22999999999999865
506,0.1890927021696275,0.4822209143142265,-0.1999999999999985
507,0.18899606299212823,0.4812745325288493,0.1400000000000019
508,0.19117878192534607,0.4827521510449712,1.3000000000000034
509,0.1910196078431395,0.4818166400862911,0.1100000000000021
510,0.19025440313111772,0.48117111162273246,-0.1999999999999985
511,0.18949218750000227,0.4805269431873789,-0.1999999999999985
512,0.18875243664717575,0.4798691436708101,-0.1899999999999985
513,0.1883073929961112,0.47903553105634933,-0.03999999999999826
514,0.18840776699029352,0.4781087439084292,0.24000000000000266
515,0.18912790697674645,0.4774479758410488,0.5600000000000038
516,0.18837524177949935,0.47681557209902203,-0.1999999999999985
517,0.189749034749037,0.47687092335496706,0.9000000000000039
518,0.1895183044316015,0.47597795284963024,0.07000000000000228
519,0.18876923076923305,0.4753526248703138,-0.1999999999999985
520,0.18802303262956083,0.47472858408386354,-0.1999999999999985
521,0.18727969348659232,0.47410582949088587,-0.1999999999999985
522,0.18738049713193344,0.4732028951744661,0.24000000000000332
523,0.1869274809160328,0.47240564673857627,-0.049999999999998046
524,0.18800000000000228,0.47210801526717666,0.7500000000000022
525,0.18726235741445094,0.4714949672279569,-0.1999999999999985
526,0.18654648956356962,0.47086865895628566,-0.1899999999999985
527,0.18617424242424468,0.47004833390834444,-0.009999999999998344
528,0.18563327032136331,0.4693129031334146,-0.09999999999999842
529,0.18501886792453057,0.46862580304597606,-0.13999999999999824
530,0.18429378531073673,0.46802077390470204,-0.1999999999999985
531,0.1864097744360925,0.46952136095889546,1.3100000000000038
532,0.18585365853658764,0.4688036401980572,-0.10999999999999843
533,0.18556179775281126,0.4679695712207781,0.030000000000001803
534,0.18482242990654432,0.4673856893835987,-0.20999999999999863
535,0.1855970149253754,0.4668336615985504,0.6000000000000041
536,0.1863500931098719,0.46626725034047745,0.5900000000000041
537,0.18672862453531824,0.46547605657203484,0.3900000000000019
538,0.1868089053803362,0.4646143333034474,0.23000000000000265
539,0.18824074074074298,0.46485942245585204,0.9600000000000044
540,0.18964879852125918,0.46507117272540666,0.950000000000004
541,0.18926199261992846,0.46429261515166087,-0.01999999999999824
542,0.18854511970534296,0.46371503808960846,-0.1999999999999985
543,0.1897242647058846,0.46361741922597877,0.830000000000003
544,0.1897614678899105,0.4627659356449012,0.2100000000000024
545,0.1890476190476213,0.4621950546090006,-0.1999999999999985
546,0.18934186471663844,0.4613959030609863,0.3500000000000023
547,0.1886313868613161,0.4608290192690065,-0.1999999999999985
548,0.1879234972677618,0.460263198516215,-0.1999999999999985
549,0.18743636363636587,0.45955534658056074,-0.07999999999999785
550,0.1945735027223253,0.4867870450420733,4.120000000000005
551,0.19431159420290078,0.48594144901233705,0.05000000000000182
552,0.19495479204340188,0.4852898983148581,0.5500000000000027
553,0.19424187725631992,0.48469390883987024,-0.1999999999999985
554,0.19353153153153377,0.4840990581194924,-0.1999999999999985
555,0.1928237410071965,0.4835053454533681,-0.1999999999999985
556,0.19502692998204893,0.4853394327267102,1.4200000000000048
557,0.1951254480286761,0.4844735030855271,0.250000000000002
558,0.19441860465116506,0.48388456280736963,-0.1999999999999985
559,0.19371428571428798,0.4832967339637118,-0.1999999999999985
560,0.19338680926916446,0.48249386618283785,0.010000000000001563
561,0.19532028469751114,0.4837347457197059,1.2800000000000042
562,0.19547069271758663,0.4828867442463175,0.28000000000000314
563,0.19476950354610156,0.48230634109318216,-0.1999999999999985
564,0.1940884955752235,0.48171321910500325,-0.1899999999999985
565,0.19339222614841217,0.4811350211076029,-0.1999999999999985
566,0.1938447971781328,0.4804010924773009,0.4500000000000035
567,0.1939612676056361,0.4795615293613544,0.2600000000000027
568,0.1932688927943784,0.47898999975247014,-0.1999999999999985
569,0.19924561403509003,0.49850927172941245,3.600000000000005
570,0.20057793345008987,0.49864826189817907,0.9600000000000026
571,0.1998776223776247,0.4980555016349685,-0.1999999999999985
572,0.20024432809773354,0.4972618283113058,0.4100000000000026
573,0.19954703832752843,0.49667309289697337,-0.1999999999999985
574,0.19885217391304577,0.49608543978185227,-0.1999999999999985
575,0.19824652777778007,0.49543396346618457,-0.14999999999999847
576,0.19812824956672673,0.4945819071346052,0.1300000000000021
577,0.1974394463667843,0.49399897812932997,-0.1999999999999985
578,0.19690846286701438,0.49330755389019465,-0.10999999999999821
579,0.19622413793103677,0.49272716901911834,-0.1999999999999985
580,0.1955421686747011,0.4921478520980483,-0.1999999999999985
581,0.19486254295532876,0.4915696024155541,-0.1999999999999985
582,0.1956089193825066,0.491049757446082,0.6300000000000041
583,0.19498287671233108,0.49043636334265456,-0.16999999999999849
584,0.1963760683760707,0.490732050111229,1.010000000000004
585,0.19571672354949038,0.4901479469677089,-0.1899999999999985
586,0.19623509369676553,0.489469248390905,0.5000000000000024
587,0.19685374149660098,0.48886044194509237,0.560000000000002
588,0.19617996604414495,0.4882964369448977,-0.1999999999999985
589,0.19550847457627352,0.487733442203103,-0.1999999999999985
590,0.19483925549915632,0.48717145716825927,-0.1999999999999985
591,0.19574324324324557,0.4868309187359958,0.7300000000000026
592,0.19720067453625867,0.48726816405359924,1.0600000000000045
593,0.19900673400673635,0.4883840033272589,1.2700000000000025
594,0.19882352941176706,0.4875817785700148,0.09000000000000186
595,0.1981879194630896,0.4870030974000347,-0.1799999999999985
596,0.19752093802345294,0.48645156206086454,-0.1999999999999985
597,0.19765886287625653,0.4856481112362267,0.2800000000000018
598,0.19699499165275694,0.48509998492470824,-0.1999999999999985
599,0.1993333333333357,0.48757084028937214,1.6000000000000045
600,0.2005158069883551,0.48759856683305697,0.9100000000000026
601,0.1998504983388728,0.48705372137246433,-0.1999999999999985
602,0.19928689883914003,0.48643620160548406,-0.13999999999999846
603,0.1986754966887441,0.48585529087454654,-0.16999999999999849
604,0.19801652892562221,0.4853136089978664,-0.1999999999999985
605,0.19735973597359974,0.48477285219431127,-0.1999999999999985
606,0.19850082372323138,0.4847632603128526,0.8900000000000023
607,0.19784539473684448,0.4842258277876538,-0.1999999999999985
608,0.19719211822660335,0.4836893067798817,-0.1999999999999985
609,0.19667213114754334,0.4830600072680298,-0.11999999999999822
610,0.19653027823240823,0.4822804003112349,0.11000000000000254
611,0.19660130718954483,0.4814941582961618,0.24000000000000177
612,0.19654159869494525,0.48070958854449986,0.16000000000000192
613,0.19589576547231505,0.4801814964583864,-0.1999999999999985
614,0.19617886178862023,0.4794487301713419,0.3700000000000023
615,0.19553571428571664,0.47892394018583145,-0.1999999999999985
616,0.1948946515397106,0.4784000294681018,-0.1999999999999985
617,0.19441747572815768,0.47776538134726537,-0.09999999999999842
618,0.1937802907916017,0.47724361508017515,-0.1999999999999985
619,0.19417741935484106,0.47657040465892014,0.4400000000000035
620,0.19354267310789286,0.47605194535348905,-0.1999999999999985
621,0.19471061093247824,0.4761338130595305,0.9200000000000044
622,0.19489566613162354,0.47538965951495044,0.31000000000000205
623,0.19426282051282287,0.4748765022430763,-0.1999999999999985
624,0.19465600000000235,0.47421210102564204,0.44000000000000217
625,0.1976837060702899,0.47919190619808416,2.090000000000005
626,0.19763955342902947,0.4784276462285553,0.1700000000000026
627,0.19700636942675395,0.47791638273448633,-0.1999999999999985
628,0.19642289348171937,0.477369508774418,-0.16999999999999849
629,0.19619047619047855,0.47664460595048935,0.05000000000000182
630,0.19556259904913073,0.4761367861545051,-0.1999999999999985
631,0.19530063291139477,0.4754255830106934,0.030000000000001803
632,0.195102685624015,0.4746981302617644,0.07000000000000273
633,0.19447949526814118,0.47419443638773956,-0.1999999999999985
634,0.19388976377952993,0.4736673379865382,-0.1799999999999985
635,0.19383647798742376,0.4729232110137187,0.16000000000000258
636,0.1940031397174278,0.4721973144555366,0.30000000000000315
637,0.19338557993730646,0.4716993518796485,-0.1999999999999985
638,0.19436619718310097,0.47157448010949815,0.8200000000000034
639,0.1948125000000024,0.47096397104851434,0.48000000000000353
640,0.19419656786271688,0.47047126755070307,-0.1999999999999985
641,0.19428348909657558,0.4697421535179174,0.2500000000000018
642,0.19503888024883598,0.46937737387538075,0.6800000000000022
643,0.1943944099378906,0.4689148737478638,-0.21999999999999864
644,0.1937829457364365,0.4684279031248505,-0.1999999999999985
645,0.1938544891640891,0.4677049648402823,0.24000000000000177
646,0.19378670788253718,0.4669839358601988,0.1500000000000019
647,0.1931790123456814,0.4665014702234444,-0.1999999999999985
648,0.19257318952234445,0.4660197573665098,-0.1999999999999985
649,0.19207692307692545,0.46546178143890105,-0.12999999999999845
650,0.19222734254992557,0.4647604159281588,0.29000000000000314
651,0.19268404907975697,0.46418249295562375,0.49000000000000243
652,0.19205206738131936,0.46373136538299026,-0.21999999999999864
653,0.19519877675841216,0.46949697420983466,2.2500000000000053
654,0.19508396946565124,0.46878772229614674,0.12000000000000277
655,0.19448170731707556,0.4683099599702113,-0.1999999999999985
656,0.195190258751905,0.46792591649033016,0.6600000000000044
657,0.1952127659574492,0.4672140338093859,0.21000000000000285
658,0.1957814871016716,0.466717131510856,0.5700000000000032
659,0.19518181818182057,0.46624624913781304,-0.1999999999999985
660,0.19582450832072856,0.46581284188328154,0.6200000000000021
661,0.19581570996979092,0.4651081838375445,0.19000000000000195
662,0.19529411764706123,0.4645859783188209,-0.14999999999999847
663,0.19512048192771325,0.4639052644969026,0.08000000000000163
664,0.1945263157894761,0.4634413792010155,-0.1999999999999985
665,0.19439939939940182,0.46275520264625625,0.1100000000000021
666,0.19425787106447018,0.4620737352044708,0.10000000000000187
667,0.19369760479042158,0.46159065504672914,-0.1799999999999985
668,0.20040358744394862,0.4909847171128605,4.680000000000006
669,0.20043283582089796,0.4902513818798395,0.22000000000000175
670,0.20414307004471183,0.49875654069444236,2.6900000000000057
671,0.20665178571428816,0.5022425730519491,1.8900000000000048
672,0.20606240713224613,0.5017289663376505,-0.1899999999999985
673,0.20543026706231698,0.5012527863633769,-0.21999999999999864
674,0.206355555555558,0.5010869950544027,0.8300000000000027
675,0.20642011834319773,0.5003474617576167,0.2500000000000031
676,0.20649926144756525,0.4996115432686856,0.2600000000000027
677,0.20668141592920602,0.49889606083580723,0.33000000000000185
678,0.20665684830633532,0.4981606357605548,0.19000000000000217
679,0.20657352941176718,0.4974316882526218,0.15000000000000258
680,0.20743024963289527,0.4972000043189093,0.7900000000000029
681,0.20919354838709925,0.4985903912652183,1.4100000000000048
682,0.2093118594436335,0.49786888060694906,0.2900000000000027
683,0.20877192982456386,0.4973393388302392,-0.15999999999999848
684,0.2081605839416083,0.49686824902889937,-0.20999999999999863
685,0.2080029154518975,0.49615994743674424,0.10000000000000275
686,0.2099272197962179,0.49798060694021945,1.5300000000000045
687,0.20956395348837456,0.4973465344775069,-0.03999999999999826
688,0.20896952104499522,0.4968671051743352,-0.1999999999999985
689,0.20885507246377058,0.49615500073620766,0.1300000000000019
690,0.20826338639652925,0.49567784936764714,-0.1999999999999985
691,0.20767341040462675,0.495201380883867,-0.1999999999999985
692,0.20770562770563017,0.49448649125441124,0.2300000000000031
693,0.207118155619599,0.4940124622095813,-0.1999999999999985
694,0.21064748201439096,0.501957649327225,2.6600000000000037
695,0.21005747126437027,0.5014776945340288,-0.1999999999999985
696,0.2117647058823554,0.5027886916835709,1.4000000000000044
697,0.2114040114613205,0.5021581407012461,-0.03999999999999826
698,0.2108154506437793,0.5016808527122258,-0.1999999999999985
699,0.21085714285714532,0.5009643572450447,0.24000000000000266
700,0.21027104136947464,0.5004894978602006,-0.1999999999999985
701,0.211524216524219,0.5008779872871892,1.0900000000000023
702,0.21093883357041499,0.5004053851422281,-0.1999999999999985
703,0.2103551136363661,0.49993344412744173,-0.1999999999999985
704,0.20978723404255567,0.4994506648936179,-0.1899999999999985
705,0.20944759206799116,0.49882366604383993,-0.02999999999999825
706,0.2100990099009926,0.49841712899335344,0.6700000000000041
707,0.20951977401130192,0.4979496983354519,-0.1999999999999985
708,0.20956276445698416,0.49724768991099194,0.2400000000000022
709,0.20898591549296025,0.49678260911023353,-0.1999999999999985
710,0.20841068917018535,0.49631817475882106,-0.1999999999999985
711,0.20792134831460926,0.49579060983896805,-0.13999999999999824
712,0.2073492286115032,0.4953276545534781,-0.1999999999999985
713,0.20718487394958235,0.49465223225335114,0.09000000000000186
714,0.2066853146853172,0.4941378770249368,-0.14999999999999847
715,0.2061173184357567,0.4936777708325204,-0.1999999999999985
716,0.20672245467224798,0.4932508348721794,0.6400000000000021
717,0.2061281337047379,0.49281650796610854,-0.21999999999999864
718,0.20579972183588569,0.49220768128126047,-0.02999999999999825
719,0.20523611111111362,0.4917518217817966,-0.1999999999999985
720,0.2068515950069373,0.49295049044537004,1.3700000000000043
721,0.20628808864266177,0.4924960500382289,-0.1999999999999985
722,0.20572614107884066,0.4920422351467234,-0.1999999999999985
723,0.20584254143646658,0.4913714883122053,0.29000000000000337
724,0.20557241379310592,0.4907457008954096,0.010000000000001563
725,0.20501377410468566,0.4902953791203581,-0.1999999999999985
726,0.20445667125172184,0.4898456754616323,-0.1999999999999985
727,0.20387362637362882,0.4894193622745901,-0.21999999999999864
728,0.20331961591221095,0.4889708331449081,-0.1999999999999985
729,0.2037534246575367,0.48843746998139775,0.5200000000000038
730,0.20344733242134308,0.48783686674287513,-0.01999999999999824
731,0.20349726775956528,0.4871713365178333,0.24000000000000266
732,0.2054297407912712,0.4892431552344964,1.6200000000000037
733,0.20497275204359916,0.48872898970674145,-0.12999999999999845
734,0.20442176870748544,0.4882862796344704,-0.1999999999999985
735,0.2052989130434807,0.4881882098491579,0.8500000000000023
736,0.20473541383989388,0.4877589312577437,-0.20999999999999863
737,0.20440379403794282,0.48717827363551874,-0.03999999999999826
738,0.2041813261163759,0.4865547150437683,0.04000000000000159
739,0.20424324324324566,0.4858991559082772,0.25000000000000333
740,0.20466936572199973,0.4853770864791926,0.520000000000002
741,0.20435309973046065,0.4847962746125118,-0.02999999999999825
742,0.20406460296097148,0.48420475053781475,-0.009999999999998233
743,0.2036155913978519,0.48370306064487273,-0.12999999999999845
744,0.2030604026845662,0.4832825568304837,-0.20999999999999863
745,0.2036193029490641,0.4828668830631386,0.6200000000000025
746,0.20307898259705734,0.4824376921448089,-0.1999999999999985
747,0.2030347593582912,0.48179332141399916,0.1700000000000017
748,0.2024966622162908,0.48136608454766877,-0.1999999999999985
749,0.20212000000000244,0.4808298120160223,-0.0799999999999984
750,0.20217043941411694,0.4801906162450076,0.24000000000000266
751,0.20210106382978965,0.47955483398022586,0.15000000000000213
752,0.20160690571049378,0.4791010048458657,-0.16999999999999849
753,0.2010742705570316,0.47867865848718394,-0.1999999999999985
754,0.20294039735099578,0.4806730402093919,1.6100000000000045
755,0.20244708994709235,0.48022036143522995,-0.16999999999999849
756,0.20191545574636963,0.47979910395392655,-0.1999999999999985
757,0.20138522427440872,0.4793783956598581,-0.1999999999999985
758,0.20089591567852677,0.4789276923183896,-0.16999999999999849
759,0.20280263157894976,0.48105972384023393,1.650000000000005
760,0.2023784494086752,0.480563677640225,-0.11999999999999844
761,0.20186351706036984,0.480134236275657,-0.1899999999999985
762,0.20133682830930777,0.479715795846621,-0.1999999999999985
763,0.20094240837696575,0.4792059259055954,-0.09999999999999842
764,0.20215686274510045,0.47970699106867976,1.1300000000000041
765,0.20163185378590318,0.47929105906244235,-0.1999999999999985
766,0.20129074315515233,0.47875459812568816,-0.05999999999999828
767,0.20279947916666907,0.47987859337652206,1.3600000000000048
768,0.20235370611183595,0.4794065622290864,-0.13999999999999846
769,0.20445454545454786,0.4821815616503143,1.8200000000000047
770,0.20392996108949657,0.4817675223609086,-0.1999999999999985
771,0.20365284974093506,0.48120194418123396,-0.00999999999999801
772,0.20419146183700113,0.48080287521198045,0.6200000000000037
773,0.20366925064599725,0.4803919525590765,-0.1999999999999985
774,0.20531612903226049,0.481873252646496,1.4800000000000049
775,0.20530927835051788,0.4812515171267054,0.20000000000000306
776,0.2049806949806974,0.4807152380288988,-0.04999999999999827
777,0.20446015424164768,0.48030736584914063,-0.1999999999999985
778,0.2044929396662412,0.47969084153106545,0.2300000000000033
779,0.2062564102564127,0.48150073006155264,1.580000000000005
780,0.20573623559539297,0.4810947457237608,-0.1999999999999985
781,0.20521739130435027,0.4806892612592561,-0.1999999999999985
782,0.20570881226053883,0.48026365934679816,0.5900000000000034
783,0.20516581632653305,0.4798814539513133,-0.21999999999999864
784,0.2051847133757986,0.4792696405823486,0.22000000000000175
785,0.20466921119593118,0.4788679796113525,-0.1999999999999985
786,0.2041550190597229,0.4784668105441164,-0.1999999999999985
787,0.20364213197969785,0.47806613352124405,-0.1999999999999985
788,0.2033967046894828,0.4775069756744073,0.010000000000001563
789,0.20288607594936953,0.47710775633312574,-0.1999999999999985
790,0.20237673830594427,0.4767090275088426,-0.1999999999999985
791,0.20715909090909335,0.4942201111941167,3.9900000000000073
792,0.20715006305170483,0.4935961605334567,0.20000000000000284
793,0.2070906801007581,0.4929765188789831,0.16000000000000214
794,0.20657861635220368,0.49256409803082973,-0.1999999999999985
795,0.2066206030150778,0.491945923801398,0.24000000000000266
796,0.20611041405270003,0.49153535462759324,-0.1999999999999985
797,0.20818295739348613,0.4943463805372916,1.8600000000000052
798,0.2081852315394267,0.4937269029896404,0.21000000000000263
799,0.2076750000000024,0.4933172409261588,-0.1999999999999985
800,0.21021223470661915,0.49785707990012595,2.2400000000000055
801,0.20977556109725928,0.49738846392134634,-0.13999999999999846
802,0.20926525529265497,0.49697738965165034,-0.1999999999999985
803,0.20932835820895765,0.49636169030315536,0.2600000000000027
804,0.20927950310559248,0.49574624640771414,0.1700000000000026
805,0.20877171215881135,0.4953382409876251,-0.1999999999999985
806,0.20851301115241877,0.49477768686524054,1.7763568394002505e-15
807,0.20800742574257666,0.4943711176647417,-0.1999999999999985
808,0.20903584672435346,0.49461491084213616,1.0400000000000031
809,0.20853086419753328,0.4942100763020965,-0.1999999999999985
810,0.20921085080148208,0.49397493203026416,0.7600000000000022
811,0.2089408866995098,0.49342501746308587,-0.00999999999999801
812,0.20918819188192123,0.4928670741461122,0.4100000000000026
813,0.2086855036855061,0.49246653565675835,-0.1999999999999985
814,0.20818404907975702,0.49206647714083424,-0.1999999999999985
815,0.20769607843137497,0.49165701672080003,-0.1899999999999985
816,0.20717258261934146,0.49127839297285747,-0.21999999999999864
817,0.20667481662591927,0.4908797496955,-0.1999999999999985
818,0.20671550671550912,0.49028100820668186,0.24000000000000332
819,0.20621951219512435,0.48988410315971415,-0.1999999999999985
820,0.20624847746650665,0.48928737232999736,0.23000000000000176
821,0.20575425790754498,0.4888921831426289,-0.1999999999999985
822,0.20594167679222597,0.4883263323606898,0.36000000000000276
823,0.20604368932039074,0.4877415582347333,0.29000000000000314
824,0.20555151515151754,0.48734948308326104,-0.1999999999999985
825,0.20610169491525662,0.48700878479712506,0.6600000000000033
826,0.20561064087061906,0.4866186036638757,-0.1999999999999985
827,0.20528985507246614,0.4861153935124349,-0.05999999999999828
828,0.20480096501809647,0.4857264398058322,-0.1999999999999985
829,0.20446987951807466,0.48523150391675396,-0.06999999999999806
830,0.20398315282792054,0.4848437539326996,-0.1999999999999985
831,0.20378605769231006,0.4842926280604937,0.04000000000000181
832,0.20330132052821365,0.48390627568335154,-0.1999999999999985
833,0.20281774580335968,0.4835203821096797,-0.1999999999999985
834,0.20262275449102032,0.48297236950559447,0.04000000000000181
835,0.2032057416267966,0.4826780941466363,0.6900000000000037
836,0.20272401433691992,0.48229496321448917,-0.1999999999999985
837,0.20286396181384483,0.48173515709874304,0.3200000000000027
838,0.20295589988081283,0.4811673858810223,0.28000000000000225
839,0.20302380952381188,0.48059775866961935,0.2600000000000027
840,0.20254458977408082,0.4802187554498626,-0.1999999999999985
841,0.20345605700712824,0.4803472566874083,0.9700000000000031
842,0.20297746144721468,0.47996986528713614,-0.1999999999999985
843,0.20369668246445732,0.47983708938400005,0.8100000000000034
844,0.20364497041420354,0.47927082167194957,0.16000000000000236
845,0.20316784869976595,0.4788962250479122,-0.1999999999999985
846,0.20269185360094688,0.47852205977989476,-0.1999999999999985
847,0.20233490566037973,0.4780651439041247,-0.0999999999999982
848,0.20183745583039106,0.47771147826521904,-0.21999999999999864
849,0.2013647058823553,0.47733877142659326,-0.1999999999999985
850,0.2014218566392503,0.4767799759452561,0.25000000000000266
851,0.20267605633803054,0.4775599278396598,1.2700000000000038
852,0.20276670574443378,0.4770064208620239,0.28000000000000225
853,0.2022950819672155,0.4766371648761377,-0.1999999999999985
854,0.20182456140351115,0.4762683298409974,-0.1999999999999985
855,0.2018808411214977,0.47571400215882526,0.25000000000000333
856,0.20144690781797203,0.47531963298400337,-0.16999999999999849
857,0.20120046620046858,0.47481711029149903,-0.009999999999998233
858,0.2007334109429593,0.47445109318310846,-0.1999999999999985
859,0.2002674418604675,0.4740854930015987,-0.1999999999999985
860,0.2025319396051127,0.4779493957810024,2.150000000000004
861,0.20271461716937592,0.4774230520276711,0.36000000000000254
862,0.20273464658169413,0.47686954319497493,0.22000000000000308
863,0.2024768518518542,0.47637439112055413,-0.01999999999999813
864,0.2020231213872856,0.47600111057589517,-0.1899999999999985
865,0.20155889145496772,0.47563745144108316,-0.1999999999999985
866,0.20111880046136338,0.47525613714036213,-0.1799999999999985
867,0.20135944700461067,0.47475824204444717,0.4100000000000026
868,0.20143843498274117,0.47421670732289484,0.27000000000000335
869,0.20173563218391044,0.47374784717537793,0.46000000000000396
870,0.2012743972445489,0.4733886039299537,-0.1999999999999985
871,0.20081422018348863,0.47302976108343386,-0.1999999999999985
872,0.201363115693015,0.47275031868386064,0.6800000000000042
873,0.20090389016018545,0.47239311102723325,-0.1999999999999985
874,0.20044571428571667,0.47203629996731095,-0.1999999999999985
875,0.20087899543379234,0.47166128362687676,0.5800000000000038
876,0.200421892816422,0.4713061003420766,-0.1999999999999985
877,0.20020501138952404,0.4708099921299328,0.01000000000000223
878,0.19977246871445065,0.470438216963262,-0.1799999999999985
879,0.19931818181818423,0.4700846312958954,-0.1999999999999985
880,0.1995005675368923,0.46957975028376975,0.3600000000000019
881,0.2004421768707507,0.469828748639071,1.0300000000000045
882,0.20114382785957205,0.46973077634224825,0.8200000000000023
883,0.201142533936654,0.4691988063881371,0.20000000000000306
884,0.2011412429378555,0.46866803998261747,0.20000000000000306
885,0.20137697516930264,0.468187706316717,0.4100000000000026
886,0.20092446448703735,0.46784090512316223,-0.1999999999999985
887,0.2019707207207231,0.4682855143616007,1.1300000000000046
888,0.20192350956130722,0.4677601472957784,0.16000000000000258
889,0.20269662921348552,0.4677659483575801,0.8900000000000039
890,0.20251402918069822,0.46727007705015317,0.04000000000000181
891,0.20206278026906066,0.4669272777601639,-0.1999999999999985
892,0.20207166853303707,0.46640388723454596,0.21000000000000174
893,0.20570469798657953,0.4776814177382638,3.4500000000000064
894,0.20773184357542135,0.48082493919738173,2.020000000000003
895,0.2098772321428595,0.4844117167547898,2.1300000000000052
896,0.21169453734671362,0.48683350926700236,1.8400000000000047
897,0.21122494432071506,0.48648879884197144,-0.20999999999999863
898,0.21342602892102572,0.4903025031524771,2.190000000000005
899,0.2134444444444468,0.4897574218267224,0.2300000000000031
900,0.21350721420643964,0.4892167968923432,0.27000000000000224
901,0.21307095343680946,0.4888454977347184,-0.1799999999999985
902,0.21260243632336892,0.48850175640204135,-0.20999999999999863
903,0.2121460176991174,0.48814909936397005,-0.1999999999999985
904,0.21220994475138358,0.48761280985674604,0.27000000000000335
905,0.21175496688741957,0.4872615575719892,-0.1999999999999985
906,0.21130099228225152,0.4869106675817971,-0.1999999999999985
907,0.2114757709251125,0.4864015683207955,0.370000000000003
908,0.21224422442244462,0.48640266716099056,0.9100000000000039
909,0.2129340659340683,0.486300622710624,0.8400000000000039
910,0.21338090010977184,0.48594811739303634,0.6200000000000041
911,0.2183114035087743,0.5075852904076891,4.710000000000005
912,0.21865279299014476,0.5071351347975648,0.5300000000000038
913,0.2184354485776829,0.5066228507025928,0.020000000000001794
914,0.21797814207650512,0.5062599119943575,-0.1999999999999985
915,0.21791484716157444,0.5057102921946228,0.16000000000000192
916,0.21851690294438625,0.5054905927816655,0.7700000000000038
917,0.21806100217865163,0.5051301511274583,-0.1999999999999985
918,0.21808487486398498,0.5045804241609606,0.24000000000000332
919,0.21768478260869803,0.5041786382883109,-0.14999999999999847
920,0.2173072747014139,0.503761871783979,-0.12999999999999845
921,0.21826464208243188,0.5040599602902639,1.100000000000004
922,0.22484290357530032,0.5434547204132534,6.290000000000007
923,0.22661255411255649,0.5457595853676853,1.8600000000000048
924,0.22615135135135372,0.5453656913536926,-0.1999999999999985
925,0.22833693304535874,0.5491993933804228,2.2500000000000053
926,0.2278748651564209,0.5488042262250101,-0.1999999999999985
927,0.22830818965517477,0.5483864550784896,0.6300000000000041
928,0.22804090419806478,0.5478618905664243,-0.019999999999997797
929,0.22780645161290558,0.5473232778915949,0.010000000000001785
930,0.22786251342642555,0.5467376843029246,0.28000000000000336
931,0.22806866952789934,0.5461900360957589,0.4200000000000026
932,0.22830653804930567,0.5456567857619306,0.4500000000000035
933,0.2288972162740923,0.5453978179343661,0.7800000000000022
934,0.22904812834224833,0.5448351743407129,0.3700000000000021
935,0.22858974358974593,0.5444491320444276,-0.1999999999999985
936,0.2281323372465338,0.5440634952886568,-0.1999999999999985
937,0.228166311300642,0.5434839338905426,0.2600000000000027
938,0.2277103301384475,0.5430997624837942,-0.1999999999999985
939,0.2272553191489385,0.5427159943806236,-0.1999999999999985
940,0.2280340063761979,0.5427092158636141,0.960000000000004
941,0.22826963906581976,0.5421847816277137,0.4500000000000026
942,0.22801696712619535,0.5416694179708358,-0.009999999999998233
943,0.2287182203389854,0.541559224863851,0.8900000000000039
944,0.2282645502645526,0.5411800358712238,-0.1999999999999985
945,0.22801268498943153,0.5406673691510915,-0.009999999999998344
946,0.22911298838437405,0.541242341342753,1.2700000000000025
947,0.22866033755274495,0.540865046070426,-0.1999999999999985
948,0.2282402528977895,0.5404619844117518,-0.16999999999999849
949,0.22861052631579182,0.5400227248627378,0.5800000000000025
950,0.22818086225026524,0.5396298451491519,-0.1799999999999985
951,0.2277100840336158,0.5392734048193425,-0.21999999999999864
952,0.2274396642182605,0.5387766310721576,-0.02999999999999825
953,0.22699161425576758,0.538402797411244,-0.1999999999999985
954,0.22700523560209662,0.5378386110836724,0.2400000000000031
955,0.22711297071129946,0.5372865254441515,0.3300000000000023
956,0.22666666666666904,0.5369151324965147,-0.1999999999999985
957,0.22622129436325916,0.5365441181667674,-0.1999999999999985
958,0.2284254431699711,0.5406431340492569,2.340000000000005
959,0.22797916666666904,0.5402705730795982,-0.1999999999999985
960,0.227533818938608,0.5398983907821727,-0.1999999999999985
961,0.22708939708939946,0.539526587213165,-0.1999999999999985
962,0.22677050882658595,0.5390636759692848,-0.0799999999999984
963,0.22697095435684883,0.5385426325926514,0.42000000000000215
964,0.2265284974093288,0.5381728946746084,-0.1999999999999985
965,0.22718426501035432,0.5380306126433466,0.8600000000000025
966,0.22685625646329088,0.5375776842853517,-0.08999999999999797
967,0.22732438016529163,0.5372338884639395,0.6800000000000037
968,0.2275128998968032,0.5367133327363147,0.41000000000000303
969,0.2275463917525797,0.536160537061272,0.26000000000000334
970,0.22711637487126912,0.5357873462367432,-0.1899999999999985
971,0.22670781893004355,0.5353978012570314,-0.16999999999999849
972,0.22626927029804966,0.535034112604098,-0.1999999999999985
973,0.22664271047228166,0.5346200633743533,0.5900000000000041
974,0.2312102564102588,0.5544120861369993,4.680000000000006
975,0.2307684426229532,0.5540339729928556,-0.1999999999999985
976,0.2303275332650996,0.5536562450710621,-0.1999999999999985
977,0.22988752556237457,0.5532789023826135,-0.1999999999999985
978,0.22944841675178992,0.5529019449335862,-0.1999999999999985
979,0.22901020408163503,0.5525253727251895,-0.1999999999999985
980,0.2294597349643245,0.5521598098566658,0.6700000000000028
981,0.2290325865580472,0.5517761273774022,-0.1899999999999985
982,0.22859613428281012,0.5514014894758774,-0.1999999999999985
983,0.22816056910569343,0.5510272336013049,-0.1999999999999985
984,0.22816243654822574,0.5504672500103188,0.2300000000000031
985,0.22825557809330868,0.5499169539028649,0.3200000000000025
986,0.22779128672745932,0.5495719929057477,-0.22999999999999865
987,0.2273582995951441,0.5492004104984242,-0.1999999999999985
988,0.2280788675429751,0.5491580464051954,0.9400000000000039
989,0.22766666666666907,0.5487709908999002,-0.1799999999999986
990,0.227235116044402,0.548401236583801,-0.1999999999999985
991,0.22704637096774433,0.5478831946185034,0.04000000000000159
992,0.22661631419939815,0.5475145471932575,-0.1999999999999985
993,0.22652917505030418,0.5469707206988167,0.14000000000000212
994,0.22610050251256517,0.5466032896878774,-0.1999999999999985
995,0.22581325301205055,0.5461361218744338,-0.05999999999999839
996,0.22538615847542864,0.5457696549487835,-0.1999999999999985
997,0.22495991983968172,0.545403559074017,-0.1999999999999985
998,0.22498498498498734,0.5448576901550864,0.25000000000000266
999,0.22518000000000235,0.5443503179179194,0.4200000000000035
