,sample_mean_score,sample_variance_score,scores,Actor (Policy Function) Loss_mean,Actor (Policy Function) Loss_variance
0,-0.1899999999999985,0.0,-0.1899999999999985,0.0,0.0
1,-0.1949999999999985,5.000000000000009e-05,-0.1999999999999985,0.0,0.0
2,1.533333333333337,8.961433333333359,4.990000000000008,0.0,0.0
3,1.105000000000003,6.708166666666685,-0.1799999999999985,0.0,0.0
4,0.926000000000003,5.191330000000014,0.21000000000000285,0.0,0.0
5,0.8550000000000031,4.183310000000011,0.5000000000000036,0.0,0.0
6,1.0071428571428602,3.6481238095238187,1.920000000000003,0.0,0.0
7,0.9075000000000031,3.2063928571428653,0.21000000000000307,0.0,0.0
8,0.8255555555555586,2.8660277777777847,0.1700000000000026,0.0,0.0
9,0.7230000000000029,2.652756666666673,-0.1999999999999985,0.0,0.0
10,0.6400000000000028,2.4632600000000062,-0.1899999999999985,0.0,0.0
11,0.6108333333333361,2.2495356060606118,0.2900000000000027,0.0,0.0
12,0.5546153846153873,2.1031602564102614,-0.11999999999999822,0.0,0.0
13,0.5000000000000026,1.9831384615384664,-0.20999999999999863,0.0,0.0
14,0.47733333333333583,1.8491923809523854,0.16000000000000192,0.0,0.0
15,0.43500000000000244,1.754586666666671,-0.1999999999999985,0.0,0.0
16,0.4047058823529436,1.6605264705882392,-0.07999999999999807,0.0,0.0
17,0.3794444444444468,1.5743349673202651,-0.049999999999998046,0.0,0.0
18,0.34894736842105495,1.5045432748538046,-0.1999999999999985,0.0,0.0
19,0.3225000000000023,1.4393460526315822,-0.1799999999999985,0.0,0.0
20,0.43190476190476434,1.6187361904761943,2.6200000000000054,0.0,0.0
21,0.42818181818182066,1.541958441558445,0.3500000000000032,0.0,0.0
22,0.4186956521739155,1.473939130434786,0.2100000000000024,0.0,0.0
23,0.39291666666666913,1.4258041666666699,-0.1999999999999985,0.0,0.0
24,0.3692000000000024,1.38045766666667,-0.1999999999999985,0.0,0.0
25,0.38692307692307937,1.3334061538461568,0.830000000000003,0.0,0.0
26,0.3651851851851876,1.2948797720797751,-0.1999999999999985,0.0,0.0
27,0.3442857142857167,1.2591513227513258,-0.21999999999999864,0.0,0.0
28,0.3255172413793127,1.2243970443349783,-0.1999999999999985,0.0,0.0
29,0.3556666666666691,1.209446091954026,1.2300000000000038,0.0,0.0
30,0.3470967741935508,1.1714079569892502,0.09000000000000252,0.0,0.0
31,0.33000000000000235,1.14297419354839,-0.1999999999999985,0.0,0.0
32,0.31484848484848715,1.1148320075757603,-0.16999999999999849,0.0,0.0
33,0.32088235294117884,1.082287076648844,0.5200000000000036,0.0,0.0
34,0.3300000000000024,1.0533647058823556,0.6400000000000037,0.0,0.0
35,0.3319444444444469,1.0234046825396852,0.4000000000000028,0.0,0.0
36,0.34027027027027273,0.9975415915915941,0.6400000000000037,0.0,0.0
37,0.33684210526316033,0.9710275960170722,0.21000000000000218,0.0,0.0
38,0.35641025641025886,0.9604078272604614,1.100000000000004,0.0,0.0
39,0.3425000000000024,0.9435217948717974,-0.1999999999999985,0.0,0.0
40,0.32926829268292923,0.9271119512195147,-0.1999999999999985,0.0,0.0
41,0.31666666666666904,0.9111691056910594,-0.1999999999999985,0.0,0.0
42,0.31139534883721165,0.8906694352159492,0.09000000000000208,0.0,0.0
43,0.2997727272727296,0.8758999471458797,-0.1999999999999985,0.0,0.0
44,0.29755555555555785,0.8562143434343455,0.20000000000000218,0.0,0.0
45,0.28804347826087184,0.8413494202898572,-0.13999999999999824,0.0,0.0
46,0.28638297872340657,0.8231888066605016,0.21000000000000285,0.0,0.0
47,0.28270833333333567,0.8063222960992927,0.11000000000000254,0.0,0.0
48,0.29530612244898197,0.79730042517007,0.9000000000000044,0.0,0.0
49,0.3224000000000024,0.8177328979591858,1.6500000000000046,0.0,0.0
50,0.3215686274509828,0.8014134901960805,0.2800000000000027,0.0,0.0
51,0.31153846153846393,0.790930920060334,-0.1999999999999985,0.0,0.0
52,0.3207547169811345,0.7802224963715552,0.8000000000000038,0.0,0.0
53,0.32592592592592834,0.766945352900072,0.6000000000000023,0.0,0.0
54,0.32272727272727514,0.7533053872053893,0.1500000000000019,0.0,0.0
55,0.32142857142857384,0.7397033766233787,0.2500000000000031,0.0,0.0
56,0.3182456140350901,0.7270718671679218,0.14000000000000257,0.0,0.0
57,0.32051724137931276,0.7146155172413813,0.4500000000000035,0.0,0.0
58,0.3642372881355957,0.8150696668614866,2.9000000000000052,0.0,0.0
59,0.3548333333333358,0.806560988700567,-0.1999999999999985,0.0,0.0
60,0.3536065573770516,0.7932101092896195,0.28000000000000225,0.0,0.0
61,0.3830645161290347,0.8340084875727151,2.180000000000005,0.0,0.0
62,0.3820634920634945,0.8206198668714819,0.3200000000000025,0.0,0.0
63,0.3729687500000024,0.8128878720238117,-0.1999999999999985,0.0,0.0
64,0.36415384615384855,0.8052371634615406,-0.1999999999999985,0.0,0.0
65,0.44515151515151763,1.2258499766899795,5.710000000000007,0.0,0.0
66,0.44582089552239057,1.207306512890098,0.49000000000000354,0.0,0.0
67,0.4530882352941202,1.1928783801580365,0.9400000000000039,0.0,0.0
68,0.4436231884057996,1.1815175618073346,-0.1999999999999985,0.0,0.0
69,0.4392857142857168,1.165711076604558,0.14000000000000257,0.0,0.0
70,0.4322535211267631,1.152569134808856,-0.059999999999998055,0.0,0.0
71,0.4234722222222247,1.1418877738654176,-0.1999999999999985,0.0,0.0
72,0.42082191780822165,1.1265409817351628,0.2300000000000031,0.0,0.0
73,0.41608108108108355,1.1127721029248456,0.07000000000000273,0.0,0.0
74,0.4180000000000025,1.0980108108108138,0.5600000000000036,0.0,0.0
75,0.4147368421052656,1.0841799298245645,0.17000000000000193,0.0,0.0
76,0.4067532467532492,1.0748222146274806,-0.1999999999999985,0.0,0.0
77,0.41320512820513067,1.0641103729603758,0.9100000000000039,0.0,0.0
78,0.4191139240506354,1.053226127880561,0.8800000000000037,0.0,0.0
79,0.4113750000000025,1.0446854272151926,-0.1999999999999985,0.0,0.0
80,0.4037037037037062,1.0363936111111138,-0.20999999999999863,0.0,0.0
81,0.39756097560975856,1.0266927431496564,-0.09999999999999842,0.0,0.0
82,0.3934939759036169,1.0155449603291242,0.06000000000000205,0.0,0.0
83,0.3909523809523834,1.003852094090651,0.18000000000000194,0.0,0.0
84,0.3840000000000024,0.9960100000000027,-0.1999999999999985,0.0,0.0
85,0.3772093023255838,0.9882580027359807,-0.1999999999999985,0.0,0.0
86,0.3705747126436806,0.9805961774926516,-0.1999999999999985,0.0,0.0
87,0.3640909090909115,0.973024451410661,-0.1999999999999985,0.0,0.0
88,0.3821348314606766,0.9909442543411672,1.9700000000000053,0.0,0.0
89,0.3843333333333358,0.980245056179778,0.5800000000000038,0.0,0.0
90,0.38989010989011236,0.9721633211233238,0.8900000000000039,0.0,0.0
91,0.3832608695652198,0.9655233158146228,-0.21999999999999864,0.0,0.0
92,0.37698924731183037,0.9586864890135604,-0.1999999999999985,0.0,0.0
93,0.43500000000000244,1.264711290322584,5.830000000000007,0.0,0.0
94,0.4329473684210551,1.2516571780515149,0.2400000000000031,0.0,0.0
95,0.42656250000000245,1.242395427631582,-0.1799999999999985,0.0,0.0
96,0.4202061855670127,1.2333728737113432,-0.1899999999999985,0.0,0.0
97,0.42500000000000243,1.222909793814436,0.8900000000000039,0.0,0.0
98,0.42242424242424487,1.2110879406308008,0.17000000000000215,0.0,0.0
99,0.41620000000000246,1.2027288484848515,-0.1999999999999985,0.0,0.0
100,0.41445544554455693,1.1910089504950525,0.24000000000000332,0.0,0.0
101,0.4164705882352966,1.1796309842749009,0.6200000000000041,0.0,0.0
102,0.4144660194174782,1.16847985912812,0.21000000000000307,0.0,0.0
103,0.412788461538464,1.1574280713218847,0.2400000000000031,0.0,0.0
104,0.41142857142857386,1.1464931318681346,0.2700000000000027,0.0,0.0
105,0.405849056603776,1.1388740341419614,-0.1799999999999985,0.0,0.0
106,0.4069158878504697,1.1282517192734995,0.5200000000000036,0.0,0.0
107,0.408055555555558,1.1178475856697847,0.5300000000000038,0.0,0.0
108,0.402568807339452,1.1107785253143079,-0.1899999999999985,0.0,0.0
109,0.3999090909090934,1.1013660467055908,0.11000000000000254,0.0,0.0
110,0.39477477477477724,1.0942797215397242,-0.16999999999999849,0.0,0.0
111,0.38946428571428815,1.0875798906048935,-0.1999999999999985,0.0,0.0
112,0.39460176991150686,1.0808518489254137,0.970000000000004,0.0,0.0
113,0.38929824561403753,1.0744933084924728,-0.20999999999999863,0.0,0.0
114,0.3976521739130459,1.073093562166288,1.3500000000000043,0.0,0.0
115,0.3995689655172438,1.0641885082458797,0.6200000000000037,0.0,0.0
116,0.39641025641025884,1.0561818302387296,0.030000000000002025,0.0,0.0
117,0.3922033898305109,1.0492429668260204,-0.0999999999999982,0.0,0.0
118,0.39478991596638896,1.0411472012533853,0.7000000000000037,0.0,0.0
119,0.4079166666666691,1.0530754551820756,1.9700000000000049,0.0,0.0
120,0.40471074380165534,1.0455434573002782,0.020000000000002238,0.0,0.0
121,0.40090163934426476,1.03867273404688,-0.05999999999999828,0.0,0.0
122,0.3966666666666691,1.0323650273224072,-0.11999999999999844,0.0,0.0
123,0.39217741935484113,1.0264708300550776,-0.15999999999999848,0.0,0.0
124,0.3874400000000024,1.0209982322580673,-0.1999999999999985,0.0,0.0
125,0.38277777777778016,1.0155690222222251,-0.1999999999999985,0.0,0.0
126,0.38047244094488425,1.0081839020122514,0.09000000000000186,0.0,0.0
127,0.3864062500000024,1.004752337598428,1.1400000000000041,0.0,0.0
128,0.38209302325581634,0.9993026162790726,-0.16999999999999849,0.0,0.0
129,0.377615384615387,0.994162486583187,-0.1999999999999985,0.0,0.0
130,0.3732061068702314,0.9890619495008836,-0.1999999999999985,0.0,0.0
131,0.37431818181818427,0.9816751040943816,0.5200000000000038,0.0,0.0
132,0.37556390977443854,0.9744445659603581,0.5400000000000036,0.0,0.0
133,0.37126865671642034,0.9695901077320191,-0.1999999999999985,0.0,0.0
134,0.36740740740740985,0.9643671088999474,-0.14999999999999847,0.0,0.0
135,0.3632352941176495,0.9595909368191748,-0.1999999999999985,0.0,0.0
136,0.36197080291971045,0.9527541756118533,0.19000000000000217,0.0,0.0
137,0.3578985507246401,0.9480882524066461,-0.1999999999999985,0.0,0.0
138,0.35884892086331177,0.9413435929517282,0.490000000000002,0.0,0.0
139,0.3634285714285739,0.937507584789314,1.0000000000000033,0.0,0.0
140,0.3594326241134776,0.9330625329280675,-0.1999999999999985,0.0,0.0
141,0.35549295774648126,0.9286490460493484,-0.1999999999999985,0.0,0.0
142,0.35426573426573665,0.9223246331133681,0.18000000000000194,0.0,0.0
143,0.35368055555555794,0.9159241210178737,0.2700000000000027,0.0,0.0
144,0.34986206896551963,0.9116777586206923,-0.1999999999999985,0.0,0.0
145,0.3460958904109613,0.9074612045347216,-0.1999999999999985,0.0,0.0
146,0.3433333333333357,0.9023675799086783,-0.05999999999999828,0.0,0.0
147,0.3397297297297321,0.8981509468652351,-0.1899999999999985,0.0,0.0
148,0.3367114093959755,0.893439787774354,-0.10999999999999843,0.0,0.0
149,0.33740000000000236,0.8875146711409421,0.44000000000000283,0.0,0.0
150,0.34139072847682356,0.8840027196468017,0.9400000000000039,0.0,0.0
151,0.34210526315789713,0.8782260020913235,0.4500000000000035,0.0,0.0
152,0.3415686274509828,0.8724922600619219,0.26000000000000334,0.0,0.0
153,0.342597402597405,0.8669526865291595,0.5000000000000029,0.0,0.0
154,0.34283870967742175,0.8613321491411837,0.3800000000000032,0.0,0.0
155,0.3514102564102588,0.8672367080231621,1.6800000000000046,0.0,0.0
156,0.3478980891719769,0.8636141433937637,-0.1999999999999985,0.0,0.0
157,0.35348101265823023,0.8630381238410088,1.2300000000000042,0.0,0.0
158,0.35000000000000236,0.8595025316455721,-0.1999999999999985,0.0,0.0
159,0.36231250000000237,0.8783524803459145,2.320000000000005,0.0,0.0
160,0.3588198757763999,0.8748267236024869,-0.1999999999999985,0.0,0.0
161,0.35543209876543447,0.8712522966030236,-0.1899999999999985,0.0,0.0
162,0.352024539877303,0.8677668635916105,-0.1999999999999985,0.0,0.0
163,0.3537804878048804,0.8629488104144869,0.6400000000000037,0.0,0.0
164,0.3504242424242448,0.859545550628236,-0.1999999999999985,0.0,0.0
165,0.34722891566265296,0.8560310624315469,-0.1799999999999985,0.0,0.0
166,0.3443113772455113,0.8522957578818292,-0.13999999999999846,0.0,0.0
167,0.3511309523809547,0.8550053001140603,1.4900000000000044,0.0,0.0
168,0.3501775147929017,0.8500696111580753,0.1900000000000026,0.0,0.0
169,0.34929411764706114,0.8451722798468527,0.20000000000000218,0.0,0.0
170,0.34608187134503154,0.8419651461988331,-0.1999999999999985,0.0,0.0
171,0.3510465116279093,0.8412807697538446,1.2000000000000033,0.0,0.0
172,0.34890173410404857,0.8371854147062803,-0.01999999999999824,0.0,0.0
173,0.34603448275862303,0.8337766693243,-0.14999999999999847,0.0,0.0
174,0.3490285714285738,0.8305536486042718,0.8700000000000039,0.0,0.0
175,0.3496022727272751,0.8258655551948078,0.4500000000000035,0.0,0.0
176,0.34649717514124534,0.8228797059578864,-0.1999999999999985,0.0,0.0
177,0.34410112359550804,0.8192525772868686,-0.07999999999999807,0.0,0.0
178,0.3410614525139689,0.8163039231686675,-0.1999999999999985,0.0,0.0
179,0.3405000000000024,0.8118003072625724,0.2400000000000031,0.0,0.0
180,0.3399447513812179,0.8073461080417459,0.2400000000000031,0.0,0.0
181,0.34164835164835405,0.8034138425110826,0.6500000000000028,0.0,0.0
182,0.33857923497268,0.8007232450609526,-0.21999999999999864,0.0,0.0
183,0.3389130434782633,0.7963682109764815,0.4000000000000028,0.0,0.0
184,0.33654054054054294,0.7930814453584043,-0.09999999999999842,0.0,0.0
185,0.33365591397849703,0.7903422377215951,-0.1999999999999985,0.0,0.0
186,0.3314438502673821,0.7870081191420875,-0.07999999999999807,0.0,0.0
187,0.32888297872340666,0.7840324354306544,-0.14999999999999847,0.0,0.0
188,0.3319047619047643,0.7815878419452912,0.9000000000000039,0.0,0.0
189,0.33142105263158134,0.7774969117237562,0.240000000000002,0.0,0.0
190,0.3319895287958139,0.7734665472582003,0.44000000000000306,0.0,0.0
191,0.3298437500000024,0.7703010225785364,-0.07999999999999807,0.0,0.0
192,0.3353886010362718,0.7722228950777227,1.4000000000000048,0.0,0.0
193,0.33262886597938385,0.7696992708722848,-0.1999999999999985,0.0,0.0
194,0.3309230769230793,0.7662991435368779,1.7763568394002505e-15,0.0,0.0
195,0.3288265306122473,0.7632309236002117,-0.07999999999999807,0.0,0.0
196,0.34126903553299737,0.7898356262301901,2.7800000000000056,0.0,0.0
197,0.33858585858586104,0.7872517971594138,-0.1899999999999985,0.0,0.0
198,0.3365326633165854,0.7841146845337825,-0.06999999999999829,0.0,0.0
199,0.33795000000000247,0.7805761783919622,0.6200000000000037,0.0,0.0
200,0.34129353233831095,0.7789203184079626,1.010000000000004,0.0,0.0
201,0.3603465346534679,0.8483745061819641,4.1900000000000075,0.0,0.0
202,0.3580788177339927,0.8452185680144395,-0.0999999999999982,0.0,0.0
203,0.35647058823529665,0.8415825557809355,0.030000000000001803,0.0,0.0
204,0.35907317073170986,0.8388457054041154,0.8900000000000039,0.0,0.0
205,0.3678640776699055,0.8506734643618306,2.1700000000000053,0.0,0.0
206,0.36603864734299774,0.8472337460719502,-0.00999999999999801,0.0,0.0
207,0.3717307692307718,0.8498800817539972,1.5500000000000045,0.0,0.0
208,0.36889952153110306,0.8474694562016954,-0.21999999999999864,0.0,0.0
209,0.37257142857143116,0.8462459876965165,1.1400000000000041,0.0,0.0
210,0.3700000000000026,0.843611428571431,-0.16999999999999849,0.0,0.0
211,0.3714150943396253,0.8400377984440693,0.6700000000000039,0.0,0.0
212,0.3687323943661998,0.8376082912569782,-0.1999999999999985,0.0,0.0
213,0.3690654205607503,0.8336995919441909,0.4400000000000033,0.0,0.0
214,0.36660465116279334,0.8311057074549035,-0.1599999999999986,0.0,0.0
215,0.36782407407407675,0.8275612898363504,0.6300000000000037,0.0,0.0
216,0.372580645161293,0.8286396057347694,1.4000000000000048,0.0,0.0
217,0.3699541284403697,0.8263248826787323,-0.1999999999999985,0.0,0.0
218,0.3701369863013726,0.8225417242679424,0.4100000000000035,0.0,0.0
219,0.3674545454545482,0.8203688335408905,-0.21999999999999864,0.0,0.0
220,0.37004524886878104,0.8181231797614171,0.9400000000000039,0.0,0.0
221,0.36968468468468746,0.8144501263707167,0.2900000000000027,0.0,0.0
222,0.38260089686098936,0.8479841958550499,3.250000000000006,0.0,0.0
223,0.3818750000000028,0.8442996076233205,0.22000000000000264,0.0,0.0
224,0.3792000000000028,0.8421404285714307,-0.21999999999999864,0.0,0.0
225,0.384513274336286,0.8447777620452332,1.5800000000000045,0.0,0.0
226,0.38220264317180896,0.8422517640637814,-0.13999999999999824,0.0,0.0
227,0.380175438596494,0.8394783831826284,-0.07999999999999807,0.0,0.0
228,0.3793013100436709,0.8359714395158223,0.1800000000000026,0.0,0.0
229,0.37765217391304623,0.832946428707046,1.9984014443252818e-15,0.0,0.0
230,0.37510822510822783,0.8308198795407513,-0.20999999999999863,0.0,0.0
231,0.37461206896551996,0.8272803683385601,0.2600000000000027,0.0,0.0
232,0.3721459227467838,0.8251315820630478,-0.1999999999999985,0.0,0.0
233,0.3715811965811993,0.8216648710612251,0.2400000000000031,0.0,0.0
234,0.3691489361702155,0.8195437170394638,-0.1999999999999985,0.0,0.0
235,0.36724576271186715,0.81691110530112,-0.07999999999999807,0.0,0.0
236,0.3669198312236314,0.8134747943931938,0.2900000000000025,0.0,0.0
237,0.3709243697479019,0.8138590575470716,1.3200000000000034,0.0,0.0
238,0.3685355648535592,0.8118033086037783,-0.1999999999999985,0.0,0.0
239,0.36733333333333607,0.808753528591355,0.08000000000000251,0.0,0.0
240,0.3707883817427413,0.8082606258644558,1.2000000000000042,0.0,0.0
241,0.3687190082644655,0.805943165529305,-0.12999999999999823,0.0,0.0
242,0.36641975308642244,0.8038974594429161,-0.1899999999999985,0.0,0.0
243,0.36409836065574036,0.8019041219726123,-0.1999999999999985,0.0,0.0
244,0.36330612244898225,0.7987714018066263,0.1700000000000026,0.0,0.0
245,0.3632926829268319,0.7955111548033869,0.36000000000000343,0.0,0.0
246,0.36149797570850467,0.7930729501991397,-0.07999999999999807,0.0,0.0
247,0.3606854838709704,0.7900258439989573,0.16000000000000258,0.0,0.0
248,0.35843373493976166,0.788102778857367,-0.1999999999999985,0.0,0.0
249,0.3598000000000026,0.7854043775100422,0.7000000000000022,0.0,0.0
250,0.3575697211155405,0.7835112701195239,-0.1999999999999985,0.0,0.0
251,0.3552777777777804,0.7817134683488289,-0.21999999999999864,0.0,0.0
252,0.35498023715415283,0.7786338289729614,0.28000000000000225,0.0,0.0
253,0.35562992125984516,0.7756634356229206,0.5200000000000036,0.0,0.0
254,0.35364705882353203,0.7736122371468293,-0.14999999999999847,0.0,0.0
255,0.3560937500000026,0.7721109558823549,0.9800000000000024,0.0,0.0
256,0.35392996108949676,0.770298166950391,-0.1999999999999985,0.0,0.0
257,0.3524418604651189,0.7678722242331029,-0.02999999999999836,0.0,0.0
258,0.3503088803088829,0.766074322827813,-0.1999999999999985,0.0,0.0
259,0.35246153846154105,0.7643213305613324,0.9100000000000044,0.0,0.0
260,0.35114942528735893,0.7618309814323626,0.010000000000002007,0.0,0.0
261,0.3509160305343538,0.7589263607382079,0.2900000000000018,0.0,0.0
262,0.3543726235741471,0.7591720285606497,1.2600000000000042,0.0,0.0
263,0.35363636363636625,0.7564285516764623,0.16000000000000258,0.0,0.0
264,0.35271698113207806,0.7537872870211568,0.11000000000000254,0.0,0.0
265,0.3520300751879725,0.7510683160732038,0.1700000000000026,0.0,0.0
266,0.3500000000000026,0.7493451127819568,-0.1899999999999985,0.0,0.0
267,0.3479477611940324,0.7476673081223117,-0.1999999999999985,0.0,0.0
268,0.34635687732342263,0.7455583199245428,-0.07999999999999807,0.0,0.0
269,0.3442592592592618,0.7439747280738006,-0.21999999999999864,0.0,0.0
270,0.3422509225092277,0.7423123219898885,-0.1999999999999985,0.0,0.0
271,0.3434558823529438,0.7399680866073385,0.6700000000000039,0.0,0.0
272,0.345384615384618,0.7382631787330335,0.8700000000000039,0.0,0.0
273,0.3435036496350391,0.736528338814472,-0.16999999999999849,0.0,0.0
274,0.34305454545454805,0.7338957451891193,0.22000000000000286,0.0,0.0
275,0.3410869565217417,0.7322955415019781,-0.1999999999999985,0.0,0.0
276,0.34025270758123,0.7298350808350356,0.11000000000000165,0.0,0.0
277,0.33899280575539825,0.7276415811754946,-0.009999999999998233,0.0,0.0
278,0.3410752688172069,0.72623409143653,0.9200000000000039,0.0,0.0
279,0.3432142857142883,0.7249122119815685,0.9400000000000044,0.0,0.0
280,0.34170818505338335,0.7229606431113388,-0.0799999999999984,0.0,0.0
281,0.33978723404255573,0.7214284243204379,-0.1999999999999985,0.0,0.0
282,0.33787985865724635,0.7198997443801236,-0.1999999999999985,0.0,0.0
283,0.33985915492958,0.7184685313293205,0.9000000000000039,0.0,0.0
284,0.33838596491228323,0.7165572448727471,-0.07999999999999807,0.0,0.0
285,0.3378671328671354,0.7141199963194719,0.1900000000000026,0.0,0.0
286,0.3360278745644624,0.7125939572622518,-0.1899999999999985,0.0,0.0
287,0.3365972222222247,0.7102044086333739,0.5000000000000042,0.0,0.0
288,0.3367820069204177,0.7077482891195712,0.3900000000000028,0.0,0.0
289,0.33806896551724386,0.7057796492065405,0.7100000000000037,0.0,0.0
290,0.3390378006872877,0.7036190709799758,0.6200000000000037,0.0,0.0
291,0.3386986301369888,0.7012347267335141,0.2400000000000031,0.0,0.0
292,0.34075085324232335,0.7000672425078329,0.9400000000000039,0.0,0.0
293,0.3390136054421794,0.6985652353091426,-0.16999999999999849,0.0,0.0
294,0.3419661016949178,0.698760747146318,1.2100000000000042,0.0,0.0
295,0.3455405405405431,0.700173944113607,1.4000000000000044,0.0,0.0
296,0.34437710437710695,0.6982105059605078,1.7763568394002505e-15,0.0,0.0
297,0.3430536912751703,0.6963815526630981,-0.049999999999998046,0.0,0.0
298,0.34488294314381523,0.6950452043725187,0.8900000000000039,0.0,0.0
299,0.3431000000000025,0.6936743043478278,-0.1899999999999985,0.0,0.0
300,0.3412956810631254,0.6923419822812864,-0.1999999999999985,0.0,0.0
301,0.34364238410596276,0.69170496138699,1.0500000000000032,0.0,0.0
302,0.34749174917492,0.6939042838720976,1.5100000000000044,0.0,0.0
303,0.3470723684210551,0.6916676383098854,0.22000000000000286,0.0,0.0
304,0.34527868852459265,0.690373688524592,-0.1999999999999985,0.0,0.0
305,0.3434967320261463,0.6890818311368282,-0.1999999999999985,0.0,0.0
306,0.3418241042345302,0.6876888186327753,-0.16999999999999849,0.0,0.0
307,0.34006493506493757,0.6864019501670986,-0.1999999999999985,0.0,0.0
308,0.3383171521035624,0.6851172886983584,-0.1999999999999985,0.0,0.0
309,0.33683870967742185,0.6835776761666162,-0.11999999999999822,0.0,0.0
310,0.33720257234726936,0.6814137620578796,0.4500000000000035,0.0,0.0
311,0.3354807692307717,0.6801476780855819,-0.1999999999999985,0.0,0.0
312,0.3342172523961686,0.6784674141885821,-0.059999999999998055,0.0,0.0
313,0.3356687898089197,0.6769613723774464,0.7900000000000038,0.0,0.0
314,0.3372698412698438,0.6756129046608046,0.8400000000000039,0.0,0.0
315,0.33582278481012906,0.6741297970665078,-0.11999999999999855,0.0,0.0
316,0.33536277602523906,0.6720635546859419,0.1900000000000026,0.0,0.0
317,0.33367924528302134,0.6708447800726165,-0.1999999999999985,0.0,0.0
318,0.3353605015674006,0.6696368979318248,0.8700000000000039,0.0,0.0
319,0.33368750000000247,0.6684333816614437,-0.1999999999999985,0.0,0.0
320,0.3364174454828685,0.6687368126947058,1.2100000000000042,0.0,0.0
321,0.33847826086956767,0.6680210415820145,1.000000000000004,0.0,0.0
322,0.3401238390092904,0.6668211026286962,0.8700000000000039,0.0,0.0
323,0.33845679012345925,0.665657053854682,-0.1999999999999985,0.0,0.0
324,0.3368307692307717,0.6644618385565069,-0.1899999999999985,0.0,0.0
325,0.3384969325153399,0.6633223492213325,0.8800000000000039,0.0,0.0
326,0.33685015290520126,0.6621744038573402,-0.1999999999999985,0.0,0.0
327,0.3355792682926854,0.6606791741254585,-0.07999999999999807,0.0,0.0
328,0.3339513677811575,0.6595367781155033,-0.1999999999999985,0.0,0.0
329,0.3322727272727298,0.6584619922630578,-0.21999999999999864,0.0,0.0
330,0.3310271903323288,0.6569801538039017,-0.07999999999999807,0.0,0.0
331,0.33259036144578563,0.6558065628071215,0.8500000000000039,0.0,0.0
332,0.3317117117117142,0.654088326278087,0.040000000000002256,0.0,0.0
333,0.33526946107784683,0.6563517289744851,1.5200000000000045,0.0,0.0
334,0.3337910447761219,0.6551188184824398,-0.15999999999999848,0.0,0.0
335,0.3337202380952406,0.653164924484721,0.31000000000000183,0.0,0.0
336,0.332136498516323,0.6520662551222286,-0.1999999999999985,0.0,0.0
337,0.33233727810651137,0.6501449660246185,0.400000000000003,0.0,0.0
338,0.33377581120944205,0.6489229791764867,0.8200000000000038,0.0,0.0
339,0.3355588235294143,0.6480896572965487,0.9400000000000039,0.0,0.0
340,0.33422287390029576,0.6467921148870123,-0.11999999999999822,0.0,0.0
341,0.33280701754386216,0.6455809538509046,-0.14999999999999847,0.0,0.0
342,0.3312536443148713,0.6445209384004245,-0.1999999999999985,0.0,0.0
343,0.3297093023255839,0.6434623059190471,-0.1999999999999985,0.0,0.0
344,0.32817391304348076,0.6424050859454011,-0.1999999999999985,0.0,0.0
345,0.32947976878612967,0.641133061908354,0.7800000000000038,0.0,0.0
346,0.327925072046112,0.6401188036181324,-0.20999999999999863,0.0,0.0
347,0.3302873563218416,0.640216055516912,1.1500000000000046,0.0,0.0
348,0.3325787965616071,0.6402088479399287,1.1300000000000041,0.0,0.0
349,0.3314000000000025,0.6388607851002883,-0.07999999999999807,0.0,0.0
350,0.33037037037037287,0.6374075767195785,-0.02999999999999836,0.0,0.0
351,0.33017045454545707,0.6356056688681706,0.2600000000000031,0.0,0.0
352,0.32900849858357195,0.634276570950298,-0.0799999999999984,0.0,0.0
353,0.32751412429378784,0.6332702901682129,-0.1999999999999985,0.0,0.0
354,0.32602816901408704,0.632265253441555,-0.1999999999999985,0.0,0.0
355,0.32488764044944074,0.6309473112834326,-0.07999999999999807,0.0,0.0
356,0.32417366946778964,0.6293569697541955,0.07000000000000162,0.0,0.0
357,0.3232402234636897,0.627905998153453,-0.009999999999998233,0.0,0.0
358,0.32231197771588,0.6264613996047386,-0.009999999999998233,0.0,0.0
359,0.3216666666666692,0.6248662952646256,0.09000000000000186,0.0,0.0
360,0.32055401662050115,0.623577469990768,-0.07999999999999807,0.0,0.0
361,0.3190607734806655,0.6226572871550804,-0.21999999999999864,0.0,0.0
362,0.3176033057851265,0.6217083283868333,-0.20999999999999863,0.0,0.0
363,0.31629120879121136,0.6206222951291149,-0.15999999999999848,0.0,0.0
364,0.3206849315068519,0.6259635405690217,1.920000000000004,0.0,0.0
365,0.3210382513661228,0.6242942615465246,0.4500000000000035,0.0,0.0
366,0.3196185286103568,0.6233282693825302,-0.1999999999999985,0.0,0.0
367,0.3194293478260895,0.6216429977194661,0.2500000000000022,0.0,0.0
368,0.31807588075881016,0.6206297116177699,-0.1799999999999985,0.0,0.0
369,0.31700000000000256,0.6193760704607061,-0.07999999999999807,0.0,0.0
370,0.3173584905660403,0.6177497603263656,0.4500000000000035,0.0,0.0
371,0.31596774193548643,0.6168041822450236,-0.1999999999999985,0.0,0.0
372,0.31597855227882293,0.6151461500763946,0.3200000000000025,0.0,0.0
373,0.31762032085561753,0.6145050458057965,0.9300000000000035,0.0,0.0
374,0.31976000000000254,0.6145788192513384,1.120000000000004,0.0,0.0
375,0.31840425531915145,0.6136310468085121,-0.1899999999999985,0.0,0.0
376,0.31718832891246934,0.6125564351825739,-0.13999999999999846,0.0,0.0
377,0.3170899470899496,0.6109352757076909,0.28000000000000336,0.0,0.0
378,0.32255936675461994,0.6206566598260543,2.390000000000004,0.0,0.0
379,0.32213157894737093,0.6190885842244146,0.1600000000000028,0.0,0.0
380,0.3225984251968529,0.6175424409448833,0.5000000000000038,0.0,0.0
381,0.3212303664921491,0.6166365399678457,-0.1999999999999985,0.0,0.0
382,0.32323759791122963,0.6165654067502372,1.0900000000000045,0.0,0.0
383,0.32242187500000247,0.6152110904862939,0.010000000000002007,0.0,0.0
384,0.3238441558441583,0.614387788149352,0.8700000000000039,0.0,0.0
385,0.32549222797927707,0.6138404064329467,0.960000000000004,0.0,0.0
386,0.32622739018088104,0.6124593056727062,0.6100000000000037,0.0,0.0
387,0.32487113402062107,0.6115904226271358,-0.1999999999999985,0.0,0.0
388,0.32352185089974544,0.6107223584130616,-0.1999999999999985,0.0,0.0
389,0.3230512820512846,0.6092387377232892,0.14000000000000257,0.0,0.0
390,0.3226342710997468,0.60774458128402,0.1600000000000028,0.0,0.0
391,0.32665816326530867,0.6125373969152892,1.9000000000000048,0.0,0.0
392,0.32773536895674554,0.611430827750949,0.7500000000000036,0.0,0.0
393,0.32647208121827664,0.6105038071066003,-0.16999999999999849,0.0,0.0
394,0.3256962025316481,0.6091920902139705,0.020000000000002238,0.0,0.0
395,0.32709595959596216,0.6084257224140149,0.8800000000000039,0.0,0.0
396,0.32576826196473807,0.6075891178790437,-0.1999999999999985,0.0,0.0
397,0.3255276381909573,0.6060817108211094,0.2300000000000031,0.0,0.0
398,0.32488721804511533,0.6047225374995291,0.07000000000000184,0.0,0.0
399,0.32357500000000256,0.6038957086466179,-0.1999999999999985,0.0,0.0
400,0.3257605985037432,0.6043014825436424,1.2000000000000042,0.0,0.0
401,0.32495024875622147,0.6030584763216351,1.6653345369377348e-15,0.0,0.0
402,0.3256327543424343,0.6017460538498588,0.6000000000000034,0.0,0.0
403,0.32957920792079465,0.6065449837849805,1.9200000000000053,0.0,0.0
404,0.32829629629629886,0.6057102090209036,-0.1899999999999985,0.0,0.0
405,0.3294581280788203,0.604762668612785,0.8000000000000023,0.0,0.0
406,0.3292137592137618,0.6032974098594802,0.23000000000000265,0.0,0.0
407,0.32791666666666924,0.6025015458640472,-0.1999999999999985,0.0,0.0
408,0.32755501222494143,0.6010783211083959,0.1800000000000026,0.0,0.0
409,0.3288780487804904,0.6003263665096322,0.8700000000000039,0.0,0.0
410,0.32759124087591496,0.5995427203133359,-0.1999999999999985,0.0,0.0
411,0.32754854368932296,0.5980847299978753,0.31000000000000183,0.0,0.0
412,0.326973365617436,0.5967697007451999,0.09000000000000252,0.0,0.0
413,0.32570048309179,0.5959955129779757,-0.1999999999999985,0.0,0.0
414,0.3248915662650628,0.5948274640591364,-0.00999999999999801,0.0,0.0
415,0.3251923076923103,0.5934317701575547,0.4500000000000035,0.0,0.0
416,0.3254916067146309,0.5920426062995771,0.4500000000000035,0.0,0.0
417,0.32423444976076815,0.5912834652851895,-0.1999999999999985,0.0,0.0
418,0.3232696897374728,0.5902589007776561,-0.07999999999999807,0.0,0.0
419,0.32611904761905025,0.5922600812592353,1.5200000000000045,0.0,0.0
420,0.3251068883610478,0.591281238547677,-0.09999999999999842,0.0,0.0
421,0.32421800947867563,0.5902101946392602,-0.049999999999998046,0.0,0.0
422,0.3229314420803809,0.5895117654308553,-0.21999999999999864,0.0,0.0
423,0.32198113207547435,0.5885010303760217,-0.07999999999999807,0.0,0.0
424,0.3208941176470615,0.5876152364039969,-0.13999999999999846,0.0,0.0
425,0.32427230046948624,0.5910941750897556,1.7600000000000051,0.0,0.0
426,0.32304449648712213,0.5903503336961674,-0.1999999999999985,0.0,0.0
427,0.3227102803738345,0.5890155879971123,0.18000000000000194,0.0,0.0
428,0.3295104895104922,0.6074775635579389,3.2400000000000064,0.0,0.0
429,0.3282790697674446,0.6067135816121878,-0.1999999999999985,0.0,0.0
430,0.3270533642691443,0.6059501343549359,-0.1999999999999985,0.0,0.0
431,0.3258333333333361,0.6051872389791199,-0.1999999999999985,0.0,0.0
432,0.32769053117783187,0.6052798391925428,1.1300000000000041,0.0,0.0
433,0.3267511520737355,0.6042649402411654,-0.07999999999999807,0.0,0.0
434,0.3264827586206924,0.6029039599555076,0.21000000000000285,0.0,0.0
435,0.32571100917431467,0.6017776542233485,-0.00999999999999801,0.0,0.0
436,0.32450800915332084,0.6010298606008454,-0.1999999999999985,0.0,0.0
437,0.3233333333333361,0.600258886346302,-0.1899999999999985,0.0,0.0
438,0.3225512528473832,0.599156946568063,-0.01999999999999824,0.0,0.0
439,0.32222727272727547,0.5978383081383323,0.18000000000000194,0.0,0.0
440,0.3228798185941071,0.5966673696145139,0.6100000000000037,0.0,0.0
441,0.32269230769231044,0.5953299232513533,0.2400000000000031,0.0,0.0
442,0.3215124153498899,0.5945997436237923,-0.1999999999999985,0.0,0.0
443,0.32038288288288563,0.5938240065686468,-0.1799999999999985,0.0,0.0
444,0.32150561797753086,0.5930475027836839,0.8200000000000023,0.0,0.0
445,0.320403587443949,0.5922564659646308,-0.16999999999999849,0.0,0.0
446,0.3193064876957522,0.5914665583210454,-0.16999999999999849,0.0,0.0
447,0.3181026785714313,0.5907925889860991,-0.21999999999999864,0.0,0.0
448,0.3188418708240562,0.5897191914572079,0.6500000000000037,0.0,0.0
449,0.3193555555555583,0.5885245280871085,0.5500000000000036,0.0,0.0
450,0.3182705099778298,0.5877476688839629,-0.16999999999999849,0.0,0.0
451,0.3279203539823036,0.6285344681435565,4.680000000000006,0.0,0.0
452,0.3273951434878615,0.627268863427691,0.09000000000000252,0.0,0.0
453,0.3282599118942759,0.6262236762260421,0.7200000000000037,0.0,0.0
454,0.32771428571428846,0.6249797860289504,0.08000000000000251,0.0,0.0
455,0.3265570175438624,0.6242169110275703,-0.1999999999999985,0.0,0.0
456,0.32619256017505743,0.6229087172252307,0.16000000000000258,0.0,0.0
457,0.32923580786026474,0.6257873797215574,1.7200000000000046,0.0,0.0
458,0.3280827886710267,0.6250312507729938,-0.1999999999999985,0.0,0.0
459,0.3273478260869592,0.623918005115091,-0.00999999999999801,0.0,0.0
460,0.3262039045553172,0.623164906158636,-0.1999999999999985,0.0,0.0
461,0.32748917748918016,0.6225763285160264,0.9200000000000039,0.0,0.0
462,0.3264362850971949,0.6217420343515392,-0.15999999999999848,0.0,0.0
463,0.32530172413793373,0.6209964530423789,-0.1999999999999985,0.0,0.0
464,0.32513978494623924,0.6196702929180588,0.25000000000000266,0.0,0.0
465,0.32403433476395116,0.6189071300013861,-0.1899999999999985,0.0,0.0
466,0.3229122055674545,0.6181670373399765,-0.1999999999999985,0.0,0.0
467,0.3225641025641052,0.6169000494152544,0.16000000000000258,0.0,0.0
468,0.32144989339019453,0.6161641326335373,-0.1999999999999985,0.0,0.0
469,0.32231914893617286,0.6152054842807256,0.7300000000000038,0.0,0.0
470,0.32225053078556526,0.6138987541220597,0.29000000000000314,0.0,0.0
471,0.3211228813559348,0.6131955517470957,-0.20999999999999863,0.0,0.0
472,0.32021141649048884,0.6122893619880332,-0.10999999999999843,0.0,0.0
473,0.3191561181434625,0.6115227535882835,-0.1799999999999985,0.0,0.0
474,0.31835789473684467,0.6105352724850114,-0.059999999999998055,0.0,0.0
475,0.32275210084033873,0.618441041574526,2.4100000000000055,0.0,0.0
476,0.32343815513627094,0.6173663055159185,0.6500000000000032,0.0,0.0
477,0.32246861924686454,0.6165213564555334,-0.13999999999999846,0.0,0.0
478,0.32327766179540973,0.615545092198707,0.7100000000000037,0.0,0.0
479,0.322208333333336,0.6148088917884498,-0.1899999999999985,0.0,0.0
480,0.32112266112266374,0.6140949870062385,-0.1999999999999985,0.0,0.0
481,0.3200414937759362,0.6133817030563934,-0.1999999999999985,0.0,0.0
482,0.31902691511387427,0.6126063125520835,-0.16999999999999849,0.0,0.0
483,0.31826446280992,0.6116193419229008,-0.049999999999998046,0.0,0.0
484,0.3177938144329923,0.6104630978955455,0.09000000000000252,0.0,0.0
485,0.316728395061731,0.6097560786559771,-0.1999999999999985,0.0,0.0
486,0.31566735112936606,0.6090497080470858,-0.1999999999999985,0.0,0.0
487,0.3150000000000026,0.6080164271047243,-0.00999999999999801,0.0,0.0
488,0.3139468302658513,0.6073128742163681,-0.1999999999999985,0.0,0.0
489,0.31287755102041076,0.6066311710696564,-0.20999999999999863,0.0,0.0
490,0.31183299389002295,0.6059288781744893,-0.1999999999999985,0.0,0.0
491,0.311504065040653,0.604748038679981,0.15000000000000213,0.0,0.0
492,0.31308316430020544,0.604748198354196,1.090000000000004,0.0,0.0
493,0.313380566801622,0.6035652220150954,0.4600000000000035,0.0,0.0
494,0.31365656565656824,0.6023811368748226,0.45000000000000373,0.0,0.0
495,0.3129838709677445,0.6013886542847847,-0.01999999999999824,0.0,0.0
496,0.312736418511069,0.600206609820213,0.1900000000000026,0.0,0.0
497,0.31265060240964115,0.5990026181183501,0.2700000000000031,0.0,0.0
498,0.31224448897795853,0.5978821007476816,0.11000000000000187,0.0,0.0
499,0.3112200000000026,0.5972087290581176,-0.1999999999999985,0.0,0.0
500,0.3106187624750525,0.5961954163672668,0.010000000000002007,0.0,0.0
501,0.3105776892430305,0.5950062524353698,0.2900000000000029,0.0,0.0
502,0.3103379721670006,0.5938498855472755,0.1900000000000026,0.0,0.0
503,0.31021825396825653,0.5926764930259725,0.2500000000000022,0.0,0.0
504,0.31059405940594315,0.5915718686154343,0.5000000000000036,0.0,0.0
505,0.3103754940711488,0.5904246112002519,0.20000000000000218,0.0,0.0
506,0.31280078895463764,0.5922399661653857,1.5400000000000045,0.0,0.0
507,0.3187598425196876,0.6091110822500752,3.3400000000000065,0.0,0.0
508,0.31911591355599467,0.6079765790572852,0.5000000000000027,0.0,0.0
509,0.32033333333333586,0.6075380026195167,0.9400000000000039,0.0,0.0
510,0.3195499021526444,0.6066603852499918,-0.07999999999999807,0.0,0.0
511,0.3186132812500025,0.6059223393927362,-0.15999999999999848,0.0,0.0
512,0.31760233918128905,0.605263185307019,-0.1999999999999985,0.0,0.0
513,0.31821011673152,0.6042732033282529,0.6300000000000041,0.0,0.0
514,0.3172038834951481,0.6036190147708828,-0.1999999999999985,0.0,0.0
515,0.31699612403101024,0.6024692116354345,0.21000000000000285,0.0,0.0
516,0.31731141199226554,0.601353028803624,0.48000000000000353,0.0,0.0
517,0.31667953667953913,0.6003966901413724,-0.00999999999999801,0.0,0.0
518,0.3173217726396942,0.5994516935597874,0.6500000000000037,0.0,0.0
519,0.31757692307692553,0.5983305335704772,0.4500000000000035,0.0,0.0
520,0.31696737044146117,0.5973734777794197,1.7763568394002505e-15,0.0,0.0
521,0.31614942528735873,0.5965761235025496,-0.10999999999999843,0.0,0.0
522,0.3152198852772491,0.5958851527072679,-0.16999999999999849,0.0,0.0
523,0.31507633587786504,0.5947565907200107,0.24000000000000266,0.0,0.0
524,0.3143428571428596,0.5939040043620516,-0.0699999999999984,0.0,0.0
525,0.3143155893536146,0.5927731497374629,0.3000000000000027,0.0,0.0
526,0.3140227703984844,0.5916913911155056,0.16000000000000214,0.0,0.0
527,0.3135984848484873,0.5906636866770183,0.09000000000000252,0.0,0.0
528,0.3128544423440478,0.5898378594546615,-0.07999999999999807,0.0,0.0
529,0.3150754716981156,0.5913373288868295,1.4900000000000044,0.0,0.0
530,0.31532956685499297,0.5902558817467946,0.4500000000000035,0.0,0.0
531,0.3155827067669197,0.5891783792107401,0.4500000000000035,0.0,0.0
532,0.3155909943714846,0.5880709376631086,0.3200000000000027,0.0,0.0
533,0.3160112359550586,0.5870619210742684,0.5400000000000036,0.0,0.0
534,0.315046728971965,0.5864602506213042,-0.1999999999999985,0.0,0.0
535,0.314458955223883,0.5855492394336742,1.9984014443252818e-15,0.0,0.0
536,0.31350093109869887,0.5849496609133119,-0.1999999999999985,0.0,0.0
537,0.314126394052047,0.5840708368812015,0.6500000000000028,0.0,0.0
538,0.3138961038961063,0.5830137884420427,0.1900000000000026,0.0,0.0
539,0.31416666666666904,0.5819716604823761,0.46000000000000374,0.0,0.0
540,0.3140480591497251,0.5809015458341905,0.2500000000000031,0.0,0.0
541,0.3151291512915153,0.58046125870501,0.9000000000000024,0.0,0.0
542,0.3143462246777188,0.5797231418999287,-0.10999999999999843,0.0,0.0
543,0.3142095588235318,0.5786656723946498,0.24000000000000243,0.0,0.0
544,0.31326605504587396,0.5780871073934175,-0.1999999999999985,0.0,0.0
545,0.314597069597072,0.5779936905602057,1.0400000000000045,0.0,0.0
546,0.3136745886654503,0.5774005752322037,-0.1899999999999985,0.0,0.0
547,0.31275547445255714,0.5768079327853335,-0.1899999999999985,0.0,0.0
548,0.31327868852459256,0.5759056539428038,0.6000000000000039,0.0,0.0
549,0.3123454545454569,0.5753356545785739,-0.1999999999999985,0.0,0.0
550,0.31163339382940347,0.5745689635373714,-0.07999999999999807,0.0,0.0
551,0.3110507246376835,0.5737135945185315,-0.00999999999999801,0.0,0.0
552,0.3103074141048848,0.5729797966297153,-0.0999999999999982,0.0,0.0
553,0.30940433212996626,0.5723954854061548,-0.1899999999999985,0.0,0.0
554,0.3085225225225249,0.5717938420008469,-0.1799999999999985,0.0,0.0
555,0.30893884892086565,0.5708599530105659,0.5400000000000038,0.0,0.0
556,0.30802513464991255,0.5702982511656756,-0.1999999999999985,0.0,0.0
557,0.3071146953405041,0.5697369024407521,-0.1999999999999985,0.0,0.0
558,0.30620751341681807,0.5691759138502588,-0.1999999999999985,0.0,0.0
559,0.30551785714285945,0.5684240605034514,-0.07999999999999807,0.0,0.0
560,0.3045811051693428,0.5679012974280635,-0.21999999999999864,0.0,0.0
561,0.3051067615658386,0.5670442844818303,0.6000000000000034,0.0,0.0
562,0.3058259325044428,0.5663264963369861,0.7100000000000037,0.0,0.0
563,0.30654255319149165,0.5656102273156735,0.7100000000000037,0.0,0.0
564,0.30568141592920584,0.5650263522249432,-0.1799999999999985,0.0,0.0
565,0.3066784452296843,0.5645889477469602,0.8700000000000039,0.0,0.0
566,0.306666666666669,0.5635915194346303,0.30000000000000315,0.0,0.0
567,0.3057746478873262,0.5630494870457324,-0.1999999999999985,0.0,0.0
568,0.30646748681898295,0.5623313374093432,0.7000000000000037,0.0,0.0
569,0.3064210526315812,0.5613442863749898,0.2800000000000029,0.0,0.0
570,0.3058844133099847,0.5605239094232969,1.7763568394002505e-15,0.0,0.0
571,0.30520979020979244,0.5598025828812182,-0.07999999999999807,0.0,0.0
572,0.3042931937172797,0.55930531248856,-0.21999999999999864,0.0,0.0
573,0.3034146341463437,0.5587722640786631,-0.1999999999999985,0.0,0.0
574,0.3035130434782631,0.5578043617633707,0.3600000000000032,0.0,0.0
575,0.30262152777778,0.5572920721618372,-0.20999999999999863,0.0,0.0
576,0.3017504332755655,0.5567623820527647,-0.1999999999999985,0.0,0.0
577,0.30167820069204376,0.5558004716556837,0.26000000000000245,0.0,0.0
578,0.30371329879102127,0.5572368795979241,1.4800000000000049,0.0,0.0
579,0.30306896551724366,0.5565152629384803,-0.06999999999999806,0.0,0.0
580,0.30220309810671486,0.5559913448869384,-0.1999999999999985,0.0,0.0
581,0.30187285223367927,0.5550978633236938,0.11000000000000254,0.0,0.0
582,0.3010120068610658,0.5545761218487162,-0.1999999999999985,0.0,0.0
583,0.3007705479452078,0.553658924962994,0.16000000000000192,0.0,0.0
584,0.3003076923076946,0.5528362065331943,0.030000000000001803,0.0,0.0
585,0.30255972696245964,0.5548631801872772,1.6200000000000045,0.0,0.0
586,0.3061328790459989,0.5614107877737804,2.4000000000000052,0.0,0.0
587,0.3052721088435397,0.5608900450810662,-0.1999999999999985,0.0,0.0
588,0.3043972835314115,0.5603869235300246,-0.20999999999999863,0.0,0.0
589,0.3045084745762735,0.5594427970418132,0.37000000000000344,0.0,0.0
590,0.3061928934010175,0.5601714135765307,1.3000000000000025,0.0,0.0
591,0.30533783783784013,0.5596564000548786,-0.1999999999999985,0.0,0.0
592,0.30468802698145253,0.5589614312246493,-0.07999999999999807,0.0,0.0
593,0.30383838383838613,0.5584476365680426,-0.1999999999999985,0.0,0.0
594,0.30381512605042243,0.5575078108819299,0.2900000000000027,0.0,0.0
595,0.30375838926174725,0.556572741526142,0.2700000000000027,0.0,0.0
596,0.30428810720268235,0.5558064134992651,0.6200000000000041,0.0,0.0
597,0.30361204013378157,0.5551487403573063,-0.09999999999999842,0.0,0.0
598,0.30385642737896723,0.554256173332367,0.4500000000000033,0.0,0.0
599,0.30336666666666895,0.5534747902059002,0.010000000000002007,0.0,0.0
600,0.30252911813644157,0.5529739262340558,-0.1999999999999985,0.0,0.0
601,0.3039202657807332,0.5532188821510122,1.1400000000000041,0.0,0.0
602,0.30306799336650314,0.5527379139738752,-0.20999999999999863,0.0,0.0
603,0.3042384105960288,0.5526486727510366,1.0100000000000027,0.0,0.0
604,0.30439669421487836,0.5517488489956778,0.40000000000000346,0.0,0.0
605,0.303663366336636,0.5511627559119563,-0.13999999999999824,0.0,0.0
606,0.30288303130148503,0.5506228625333718,-0.16999999999999849,0.0,0.0
607,0.3020559210526339,0.5501316805579656,-0.1999999999999985,0.0,0.0
608,0.30208538587849165,0.549227387434104,0.32000000000000317,0.0,0.0
609,0.30286885245901873,0.5486999663517204,0.7800000000000038,0.0,0.0
610,0.3031914893617045,0.5478640599930256,0.5000000000000027,0.0,0.0
611,0.30323529411764943,0.5469685664773289,0.3300000000000036,0.0,0.0
612,0.3030995106035913,0.5460861289703499,0.22000000000000264,0.0,0.0
613,0.30228013029316203,0.5456075168313059,-0.1999999999999985,0.0,0.0
614,0.30152845528455524,0.5450663896612923,-0.15999999999999848,0.0,0.0
615,0.3007142857142881,0.5445884320557507,-0.1999999999999985,0.0,0.0
616,0.3006482982171823,0.5437070465596007,0.26000000000000245,0.0,0.0
617,0.2998381877022678,0.5432314162378786,-0.1999999999999985,0.0,0.0
618,0.3001292407108263,0.5424048376387444,0.480000000000004,0.0,0.0
619,0.29983870967742177,0.54158091093856,0.12000000000000277,0.0,0.0
620,0.29911433172302976,0.5410332465845944,-0.14999999999999847,0.0,0.0
621,0.2983118971061117,0.5405625241416462,-0.1999999999999985,0.0,0.0
622,0.2992134831460698,0.5401998627118045,0.8600000000000039,0.0,0.0
623,0.2987820512820537,0.539448915503973,0.030000000000002025,0.0,0.0
624,0.2999840000000024,0.5394873394871809,1.050000000000004,0.0,0.0
625,0.30115015974441134,0.5394754750159758,1.030000000000004,0.0,0.0
626,0.3013875598086148,0.538649030068638,0.4500000000000035,0.0,0.0
627,0.30058917197452467,0.5381902424344024,-0.1999999999999985,0.0,0.0
628,0.3011605723370453,0.5375386190799281,0.6600000000000037,0.0,0.0
629,0.30209523809524047,0.5372343947308666,0.8900000000000039,0.0,0.0
630,0.3069413629160087,0.5512006298895694,3.3600000000000048,0.0,0.0
631,0.30613924050633146,0.5507337238460163,-0.1999999999999985,0.0,0.0
632,0.3067298578199076,0.5500831183634304,0.6800000000000037,0.0,0.0
633,0.3077129337539456,0.5498268305749511,0.9300000000000044,0.0,0.0
634,0.3074488188976402,0.5490038913038091,0.1400000000000019,0.0,0.0
635,0.30665094339622884,0.5485441992274563,-0.1999999999999985,0.0,0.0
636,0.30612244897959423,0.5478596264921075,-0.02999999999999825,0.0,0.0
637,0.30537617554859176,0.547354881817691,-0.16999999999999849,0.0,0.0
638,0.30530516431925125,0.546500181023446,0.2600000000000018,0.0,0.0
639,0.30459375000000244,0.5459688487871688,-0.14999999999999847,0.0,0.0
640,0.3065054602184112,0.5474583941107658,1.5300000000000045,0.0,0.0
641,0.3065420560747688,0.5466051846559856,0.3300000000000023,0.0,0.0
642,0.30575427682737416,0.546152818030747,-0.1999999999999985,0.0,0.0
643,0.3066149068323006,0.5457804362315634,0.8600000000000039,0.0,0.0
644,0.306945736434111,0.5450035451875404,0.5200000000000038,0.0,0.0
645,0.30616099071207675,0.5445564019487856,-0.1999999999999985,0.0,0.0
646,0.3070633693972204,0.5442402792598383,0.8900000000000039,0.0,0.0
647,0.30625000000000246,0.5438278013910368,-0.21999999999999864,0.0,0.0
648,0.30764252696456335,0.5442470572010133,1.2100000000000037,0.0,0.0
649,0.3070461538461563,0.5436396434751702,-0.07999999999999807,0.0,0.0
650,0.30645161290322825,0.5430333895781652,-0.07999999999999807,0.0,0.0
651,0.3056748466257693,0.54259263144007,-0.1999999999999985,0.0,0.0
652,0.30742725880551547,0.5437657634889481,1.4500000000000026,0.0,0.0
653,0.30665137614679144,0.5433267481068337,-0.1999999999999985,0.0,0.0
654,0.307633587786262,0.5431278777692196,0.9500000000000035,0.0,0.0
655,0.3105487804878073,0.5478735915099623,2.220000000000005,0.0,0.0
656,0.3100608828006113,0.5471948133608062,-0.00999999999999801,0.0,0.0
657,0.3092857142857167,0.5467573276799318,-0.1999999999999985,0.0,0.0
658,0.309499241274661,0.5459564357896984,0.4500000000000035,0.0,0.0
659,0.30971212121212366,0.5451578836161324,0.4500000000000035,0.0,0.0
660,0.30891074130106144,0.54475638747536,-0.21999999999999864,0.0,0.0
661,0.3095770392749269,0.5442261445854734,0.7500000000000042,0.0,0.0
662,0.3088084464555077,0.5437957079648047,-0.1999999999999985,0.0,0.0
663,0.3090210843373518,0.543005525949955,0.4500000000000035,0.0,0.0
664,0.3082556390977468,0.5425773743092686,-0.1999999999999985,0.0,0.0
665,0.30780780780781025,0.5418950366908275,0.010000000000001785,0.0,0.0
666,0.3070464767616216,0.5414679903291612,-0.1999999999999985,0.0,0.0
667,0.30729041916167904,0.5406959455152677,0.47000000000000197,0.0,0.0
668,0.306532137518687,0.540271189459647,-0.1999999999999985,0.0,0.0
669,0.30886567164179346,0.5431120148138247,1.8700000000000048,0.0,0.0
670,0.30918032786885485,0.5423678345975056,0.520000000000002,0.0,0.0
671,0.30873511904762146,0.5416927345025206,0.010000000000001785,0.0,0.0
672,0.3086924219910871,0.5408878710287992,0.2800000000000027,0.0,0.0
673,0.3080712166172131,0.5403442683233332,-0.10999999999999854,0.0,0.0
674,0.3074962962962987,0.5397656806242457,-0.07999999999999807,0.0,0.0
675,0.30674556213017995,0.53934702257287,-0.1999999999999985,0.0,0.0
676,0.30599704579025355,0.5389284792812019,-0.1999999999999985,0.0,0.0
677,0.30532448377581367,0.5384391116891732,-0.14999999999999847,0.0,0.0
678,0.3045802650957315,0.5380210256276596,-0.1999999999999985,0.0,0.0
679,0.30435294117647305,0.5372637927748433,0.1500000000000019,0.0,0.0
680,0.30421439060205824,0.5364867716161369,0.21000000000000307,0.0,0.0
681,0.30344574780058897,0.5361019126177234,-0.21999999999999864,0.0,0.0
682,0.30319180087847974,0.5353598854458739,0.1300000000000021,0.0,0.0
683,0.30250000000000243,0.5349034040995623,-0.16999999999999849,0.0,0.0
684,0.30470072992700975,0.5374389819439124,1.8100000000000052,0.0,0.0
685,0.30424198250729106,0.5367987676363574,-0.00999999999999801,0.0,0.0
686,0.3050946142649224,0.5365156980321776,0.8900000000000039,0.0,0.0
687,0.3058284883720955,0.5361052805846127,0.8100000000000038,0.0,0.0
688,0.305094339622644,0.5356974111452406,-0.1999999999999985,0.0,0.0
689,0.3044782608695677,0.535181802864897,-0.11999999999999822,0.0,0.0
690,0.3040376266280777,0.534540340611172,1.7763568394002505e-15,0.0,0.0
691,0.30330924855491576,0.5341338955438643,-0.1999999999999985,0.0,0.0
692,0.30297258297258545,0.5334405729466437,0.0700000000000025,0.0,0.0
693,0.3040057636887633,0.5334116363303698,1.020000000000004,0.0,0.0
694,0.3038705035971248,0.5326557468952806,0.21000000000000307,0.0,0.0
695,0.30370689655172667,0.5319079657653202,0.19000000000000217,0.0,0.0
696,0.30342898134863955,0.5311975642738187,0.11000000000000254,0.0,0.0
697,0.3030515759312346,0.5305348639071269,0.040000000000002256,0.0,0.0
698,0.30233190271817134,0.5301368180495278,-0.1999999999999985,0.0,0.0
699,0.3016142857142882,0.5297388781933389,-0.1999999999999985,0.0,0.0
700,0.3013124108416573,0.5290459894028953,0.09000000000000252,0.0,0.0
701,0.30059829059829307,0.5286492849043506,-0.1999999999999985,0.0,0.0
702,0.3015220483641561,0.5284961131171673,0.950000000000004,0.0,0.0
703,0.300951704545457,0.5279733461706337,-0.0999999999999982,0.0,0.0
704,0.30041134751773296,0.5274292339619614,-0.07999999999999807,0.0,0.0
705,0.30145892351275033,0.5274558827074934,1.040000000000004,0.0,0.0
706,0.3007496463932132,0.5270644513986014,-0.1999999999999985,0.0,0.0
707,0.3004661016949177,0.5263758786229726,0.10000000000000187,0.0,0.0
708,0.29976022566996013,0.5259856768903459,-0.1999999999999985,0.0,0.0
709,0.29905633802817144,0.5255955821530041,-0.1999999999999985,0.0,0.0
710,0.2987904360056283,0.5249055771478393,0.11000000000000276,0.0,0.0
711,0.29808988764045186,0.5245167401507624,-0.1999999999999985,0.0,0.0
712,0.29786816269284955,0.5238151118079974,0.1400000000000019,0.0,0.0
713,0.29911764705882593,0.5241951530401796,1.1900000000000042,0.0,0.0
714,0.298587412587415,0.5236620074043619,-0.0799999999999984,0.0,0.0
715,0.298156424581008,0.5230626104621651,-0.00999999999999801,0.0,0.0
716,0.301087866108789,0.5284935076318942,2.400000000000005,0.0,0.0
717,0.3003899721448492,0.5281061238602518,-0.1999999999999985,0.0,0.0
718,0.29998609179416097,0.5274878828146504,0.010000000000001563,0.0,0.0
719,0.29958333333333576,0.5268710361613367,0.010000000000001563,0.0,0.0
720,0.29889042995839354,0.5264854338110664,-0.1999999999999985,0.0,0.0
721,0.29941828254847885,0.5259563879038439,0.6800000000000039,0.0,0.0
722,0.2989903181189512,0.5253603364712298,-0.00999999999999801,0.0,0.0
723,0.29925414364641123,0.5246840902317707,0.4900000000000031,0.0,0.0
724,0.3006758620689679,0.5254248188226345,1.3300000000000043,0.0,0.0
725,0.30112947658402445,0.5248494811437272,0.6300000000000037,0.0,0.0
726,0.30231086657496803,0.5251412090139879,1.1600000000000037,0.0,0.0
727,0.3017857142857167,0.5246196404008662,-0.07999999999999807,0.0,0.0
728,0.3010973936899887,0.524244398468474,-0.1999999999999985,0.0,0.0
729,0.30058904109589285,0.5237139186726062,-0.06999999999999851,0.0,0.0
730,0.30027359781121993,0.5230692401101902,0.07000000000000162,0.0,0.0
731,0.29957650273224284,0.5227093963281096,-0.20999999999999863,0.0,0.0
732,0.2989904502046409,0.522247066848569,-0.12999999999999823,0.0,0.0
733,0.29832425068120133,0.5218603531082386,-0.1899999999999985,0.0,0.0
734,0.29834013605442417,0.5211495571743698,0.3100000000000027,0.0,0.0
735,0.2978260869565241,0.5206349955634442,-0.07999999999999807,0.0,0.0
736,0.29757123473541625,0.5199754789540455,0.11000000000000254,0.0,0.0
737,0.29905149051490754,0.5208870231253209,1.3900000000000043,0.0,0.0
738,0.3008660351826817,0.5226144251185423,1.6400000000000046,0.0,0.0
739,0.3002837837837862,0.5221581060966258,-0.12999999999999845,0.0,0.0
740,0.30018893387314677,0.5214591534449443,0.2300000000000031,0.0,0.0
741,0.30179245283019107,0.522663314490873,1.4900000000000044,0.0,0.0
742,0.30115746971736446,0.5222584967332131,-0.16999999999999849,0.0,0.0
743,0.30048387096774437,0.5218931706681731,-0.1999999999999985,0.0,0.0
744,0.30634899328859305,0.5468194479324543,4.670000000000006,0.0,0.0
745,0.305938337801611,0.5462112659913287,1.7763568394002505e-15,0.0,0.0
746,0.3076706827309261,0.5477208404664248,1.6000000000000036,0.0,0.0
747,0.3069919786096281,0.5473321712876476,-0.1999999999999985,0.0,0.0
748,0.30642189586115065,0.5468438645466697,-0.11999999999999844,0.0,0.0
749,0.30600000000000244,0.5462472630173578,-0.00999999999999801,0.0,0.0
750,0.30587217043941656,0.5455312049711509,0.21000000000000307,0.0,0.0
751,0.3069680851063854,0.5457079723489262,1.1300000000000041,0.0,0.0
752,0.3065205843293517,0.545133090333702,-0.02999999999999836,0.0,0.0
753,0.30627320954907405,0.5444552824951314,0.12000000000000188,0.0,0.0
754,0.30862251655629386,0.5479002220387529,2.080000000000005,0.0,0.0
755,0.3079497354497379,0.5475167179999314,-0.1999999999999985,0.0,0.0
756,0.3072919418758281,0.5471200376730775,-0.1899999999999985,0.0,0.0
757,0.30668865435356446,0.5466731684576335,-0.14999999999999847,0.0,0.0
758,0.3062977602108061,0.5460679376071154,0.010000000000002007,0.0,0.0
759,0.30609210526316033,0.5453806239165121,0.1500000000000019,0.0,0.0
760,0.3054270696452061,0.5449995871083769,-0.1999999999999985,0.0,0.0
761,0.30629921259842763,0.5448630273055568,0.9700000000000035,0.0,0.0
762,0.3061074705111427,0.5441760356790278,0.16000000000000258,0.0,0.0
763,0.3054712041884841,0.5437721236782349,-0.1799999999999985,0.0,0.0
764,0.3048104575163423,0.5433943684768862,-0.1999999999999985,0.0,0.0
765,0.30509138381201284,0.5427445014420056,0.5200000000000022,0.0,0.0
766,0.30443285528031533,0.5423685747937965,-0.1999999999999985,0.0,0.0
767,0.30381510416666907,0.5419545263947756,-0.16999999999999849,0.0,0.0
768,0.3031989596879088,0.5415407949989178,-0.16999999999999849,0.0,0.0
769,0.30355844155844397,0.5409360856568673,0.5800000000000036,0.0,0.0
770,0.30313878080415285,0.540369356039552,-0.01999999999999824,0.0,0.0
771,0.30246113989637546,0.5400229881118004,-0.21999999999999864,0.0,0.0
772,0.3022897800776221,0.5393461749860929,0.1700000000000026,0.0,0.0
773,0.30198966408268973,0.5387181577196816,0.0700000000000025,0.0,0.0
774,0.3016774193548411,0.5380976994248577,0.06000000000000183,0.0,0.0
775,0.3029896907216519,0.5387396953774541,1.3200000000000043,0.0,0.0
776,0.30274131274131516,0.5380933775822967,0.11000000000000165,0.0,0.0
777,0.3021079691516734,0.5377129252645978,-0.1899999999999985,0.0,0.0
778,0.3014762516046237,0.5373326507849048,-0.1899999999999985,0.0,0.0
779,0.3012820512820537,0.5366722951844918,0.1500000000000028,0.0,0.0
780,0.3006402048655594,0.5363059998686774,-0.1999999999999985,0.0,0.0
781,0.3004603580562684,0.5356446021396939,0.16000000000000192,0.0,0.0
782,0.30011494252873805,0.5350530558250303,0.030000000000002247,0.0,0.0
783,0.3002678571428596,0.534388050766285,0.4200000000000019,0.0,0.0
784,0.2996305732484101,0.5340252460028613,-0.1999999999999985,0.0,0.0
785,0.2997455470737938,0.5333553491839693,0.39000000000000346,0.0,0.0
786,0.29965692503176866,0.5326829610302287,0.23000000000000176,0.0,0.0
787,0.2998477157360431,0.5320347925360731,0.4500000000000035,0.0,0.0
788,0.3008238276299137,0.5321113762843169,1.070000000000004,0.0,0.0
789,0.30034177215190117,0.5316205421058557,-0.07999999999999807,0.0,0.0
790,0.30026548672566616,0.5309522079085934,0.24000000000000332,0.0,0.0
791,0.3004545454545479,0.530309274796002,0.4500000000000035,0.0,0.0
792,0.3003783102143783,0.5296443011451223,0.2400000000000031,0.0,0.0
793,0.29991183879093447,0.5291491725456703,-0.0699999999999984,0.0,0.0
794,0.2992578616352226,0.5288227482850957,-0.21999999999999864,0.0,0.0
795,0.29883165829145975,0.5283021552732229,-0.03999999999999826,0.0,0.0
796,0.29966122961104386,0.5281869453919549,0.960000000000004,0.0,0.0
797,0.2990350877193007,0.5278370853419636,-0.1999999999999985,0.0,0.0
798,0.29974968710888855,0.527583646538124,0.8700000000000039,0.0,0.0
799,0.30011250000000245,0.5270286481539439,0.5900000000000034,0.0,0.0
800,0.3004244694132359,0.5264478196005008,0.5500000000000025,0.0,0.0
801,0.30145885286783286,0.526648680576961,1.1300000000000041,0.0,0.0
802,0.30083437110834615,0.5263051633059334,-0.1999999999999985,0.0,0.0
803,0.30103233830846016,0.5256812492642654,0.46000000000000374,0.0,0.0
804,0.30048447204969186,0.5252690436018679,-0.13999999999999824,0.0,0.0
805,0.2998635235732034,0.5249273105435953,-0.1999999999999985,0.0,0.0
806,0.2992441140024807,0.5245856562153135,-0.1999999999999985,0.0,0.0
807,0.2986262376237647,0.5242440831769065,-0.1999999999999985,0.0,0.0
808,0.29807169344870443,0.5238440493091351,-0.14999999999999847,0.0,0.0
809,0.3000987654321011,0.5265248357215904,1.9400000000000048,0.0,0.0
810,0.30165228113440434,0.5278320814114582,1.5600000000000045,0.0,0.0
811,0.30103448275862305,0.5274911603384512,-0.1999999999999985,0.0,0.0
812,0.30056580565805896,0.5270201228194563,-0.07999999999999807,0.0,0.0
813,0.30033169533169773,0.526416495008932,0.11000000000000254,0.0,0.0
814,0.29990184049079993,0.5259203834732683,-0.049999999999998046,0.0,0.0
815,0.29932598039215924,0.5255456801094686,-0.16999999999999849,0.0,0.0
816,0.2987392900856817,0.525182844937242,-0.1799999999999985,0.0,0.0
817,0.2983007334963349,0.5246973537571127,-0.05999999999999839,0.0,0.0
818,0.29825396825397066,0.5240577055924258,0.2600000000000029,0.0,0.0
819,0.2977317073170756,0.5236414908127117,-0.12999999999999845,0.0,0.0
820,0.29719853836784654,0.5232362885832282,-0.13999999999999824,0.0,0.0
821,0.2976642335766448,0.522777241569389,0.6800000000000026,0.0,0.0
822,0.2971324422843281,0.5223740055520586,-0.13999999999999824,0.0,0.0
823,0.2983859223300996,0.5230339650992712,1.3300000000000043,0.0,0.0
824,0.29803636363636615,0.5225000229479273,0.010000000000002007,0.0,0.0
825,0.2984624697336587,0.5220166634382581,0.6500000000000037,0.0,0.0
826,0.2980048367593737,0.5215578789112036,-0.07999999999999807,0.0,0.0
827,0.2982246376811619,0.5209672191262303,0.48000000000000265,0.0,0.0
828,0.2987696019300387,0.5205842330845046,0.7500000000000038,0.0,0.0
829,0.2991566265060266,0.5200805906375819,0.6200000000000037,0.0,0.0
830,0.29868832731648864,0.5196362292491279,-0.08999999999999841,0.0,0.0
831,0.2984014423076948,0.5190793909967153,0.06000000000000205,0.0,0.0
832,0.29815126050420415,0.5185076357466077,0.09000000000000208,0.0,0.0
833,0.29755395683453484,0.518182725176403,-0.1999999999999985,0.0,0.0
834,0.2973892215568887,0.5175840629532317,0.16000000000000258,0.0,0.0
835,0.29709330143540913,0.5170374092484902,0.05000000000000182,0.0,0.0
836,0.29647550776583276,0.5167384004161608,-0.21999999999999864,0.0,0.0
837,0.29585918854415516,0.5164393445451009,-0.21999999999999864,0.0,0.0
838,0.2953158522050084,0.5160707533402946,-0.15999999999999848,0.0,0.0
839,0.29577380952381194,0.5156318200522177,0.6800000000000042,0.0,0.0
840,0.2951843043995268,0.5153102338485944,-0.1999999999999985,0.0,0.0
841,0.2954869358669858,0.5147746139789485,0.5500000000000029,0.0,0.0
842,0.29618030842230375,0.5145685280203337,0.8800000000000039,0.0,0.0
843,0.29677725118483655,0.5142588779634922,0.8000000000000023,0.0,0.0
844,0.29618934911242845,0.5139416228722076,-0.1999999999999985,0.0,0.0
845,0.29560283687943506,0.5136244290570328,-0.1999999999999985,0.0,0.0
846,0.2968831168831193,0.5144056399864925,1.3800000000000043,0.0,0.0
847,0.29778301886792696,0.5144850437726953,1.060000000000004,0.0,0.0
848,0.29719670200235815,0.5141701982909986,-0.1999999999999985,0.0,0.0
849,0.29675294117647305,0.5137319648028836,-0.07999999999999807,0.0,0.0
850,0.2980023501762657,0.5144560047003539,1.3600000000000043,0.0,0.0
851,0.2977934272300494,0.5138886623304274,0.12000000000000255,0.0,0.0
852,0.2972098475967199,0.5135760087292035,-0.1999999999999985,0.0,0.0
853,0.29665105386417107,0.5132405885276117,-0.1799999999999985,0.0,0.0
854,0.2960701754385989,0.5129280981141393,-0.1999999999999985,0.0,0.0
855,0.29549065420560994,0.5126156654096314,-0.1999999999999985,0.0,0.0
856,0.2953092182030363,0.512045026935955,0.14000000000000212,0.0,0.0
857,0.2953263403263428,0.5114477930276662,0.31000000000000316,0.0,0.0
858,0.29573923166472893,0.5109981417108325,0.6500000000000037,0.0,0.0
859,0.2979418604651188,0.5145756194330904,2.190000000000005,0.0,0.0
860,0.29750290360046705,0.5141431758636539,-0.07999999999999807,0.0,0.0
861,0.2978422273781927,0.5136452805376595,0.5900000000000027,0.0,0.0
862,0.297775202780999,0.513053281194131,0.24000000000000332,0.0,0.0
863,0.29719907407407653,0.5127455640315882,-0.1999999999999985,0.0,0.0
864,0.2980000000000025,0.5127069907407423,0.9900000000000044,0.0,0.0
865,0.2974480369515036,0.5123781042331378,-0.1799999999999985,0.0,0.0
866,0.2968742791234165,0.5120718583099606,-0.1999999999999985,0.0,0.0
867,0.29664746543779047,0.5115258871100639,0.10000000000000187,0.0,0.0
868,0.296214039125434,0.5110998204939218,-0.07999999999999807,0.0,0.0
869,0.2956551724137956,0.5107834022459442,-0.1899999999999985,0.0,0.0
870,0.2952238805970174,0.5103583118888334,-0.07999999999999807,0.0,0.0
871,0.2952178899082593,0.5097723979344648,0.2900000000000027,0.0,0.0
872,0.29613974799542053,0.5099296914572775,1.100000000000004,0.0,0.0
873,0.2957093821510322,0.5095074572543732,-0.07999999999999807,0.0,0.0
874,0.2951771428571453,0.509172365609678,-0.16999999999999849,0.0,0.0
875,0.29461187214612117,0.5088703634703213,-0.1999999999999985,0.0,0.0
876,0.2940592930444722,0.5085572476218757,-0.1899999999999985,0.0,0.0
877,0.2953075170842849,0.509345344321994,1.3900000000000043,0.0,0.0
878,0.2947440273037567,0.5090443250639464,-0.1999999999999985,0.0,0.0
879,0.29440909090909334,0.5085639280173768,1.9984014443252818e-15,0.0,0.0
880,0.2938479001135098,0.5082634722938827,-0.1999999999999985,0.0,0.0
881,0.29328798185941285,0.507963070207275,-0.1999999999999985,0.0,0.0
882,0.292729331823332,0.5076627237078315,-0.1999999999999985,0.0,0.0
883,0.29306561085973093,0.5071877601297528,0.5900000000000036,0.0,0.0
884,0.2928587570621493,0.5066518861364643,0.11000000000000187,0.0,0.0
885,0.29381489841986697,0.5068893849077316,1.1400000000000041,0.0,0.0
886,0.2933934611048502,0.5064748145395891,-0.07999999999999807,0.0,0.0
887,0.29362612612612854,0.5059518871182361,0.5000000000000031,0.0,0.0
888,0.29499437570303955,0.507046424517883,1.5100000000000044,0.0,0.0
889,0.2944382022471934,0.5067513713173512,-0.1999999999999985,0.0,0.0
890,0.29597081930415503,0.5082748710576444,1.6600000000000046,0.0,0.0
891,0.2955493273542625,0.5078628853306375,-0.07999999999999807,0.0,0.0
892,0.29499440089585904,0.50756852575337,-0.1999999999999985,0.0,0.0
893,0.29444071588367127,0.5072742109271482,-0.1999999999999985,0.0,0.0
894,0.29386592178771187,0.5070024875957674,-0.21999999999999864,0.0,0.0
895,0.2933147321428595,0.5067082181514383,-0.1999999999999985,0.0,0.0
896,0.2927424749163903,0.5064364436514589,-0.21999999999999864,0.0,0.0
897,0.2925835189309601,0.5058945442988648,0.15000000000000213,0.0,0.0
898,0.29203559510567534,0.5056010855912675,-0.1999999999999985,0.0,0.0
899,0.2918000000000024,0.5050886362625157,0.08000000000000185,0.0,0.0
900,0.2933407325194253,0.5066662715501312,1.6800000000000046,0.0,0.0
901,0.2929268292682951,0.5062584607888272,-0.07999999999999807,0.0,0.0
902,0.2923809523809548,0.5059662760004241,-0.1999999999999985,0.0,0.0
903,0.29196902654867496,0.5055593523064728,-0.07999999999999807,0.0,0.0
904,0.2915359116022123,0.5051698728792859,-0.09999999999999842,0.0,0.0
905,0.2910044150110399,0.5048676088202669,-0.1899999999999985,0.0,0.0
906,0.2912017640573342,0.5043456844118974,0.47000000000000264,0.0,0.0
907,0.2907929515418526,0.5039413771498252,-0.07999999999999807,0.0,0.0
908,0.2902530253025326,0.5036513676257511,-0.1999999999999985,0.0,0.0
909,0.2897142857142881,0.5033614144271588,-0.1999999999999985,0.0,0.0
910,0.2893084522502768,0.5029583124449661,-0.07999999999999807,0.0,0.0
911,0.2887500000000024,0.5026906421514836,-0.21999999999999864,0.0,0.0
912,0.2918181818181842,0.5107341905901134,3.090000000000006,0.0,0.0
913,0.29144420131291265,0.5103026217461868,-0.049999999999998046,0.0,0.0
914,0.29090710382513896,0.5100082572251934,-0.1999999999999985,0.0,0.0
915,0.2916157205240198,0.5099108292170776,0.9400000000000028,0.0,0.0
916,0.29142857142857376,0.5093862757330024,0.12000000000000188,0.0,0.0
917,0.29087145969499145,0.5091157064691882,-0.21999999999999864,0.0,0.0
918,0.29112078346028525,0.5086182413867512,0.5200000000000036,0.0,0.0
919,0.29059782608695883,0.5083163995600151,-0.1899999999999985,0.0,0.0
920,0.2909337676438677,0.5078678227824217,0.6000000000000036,0.0,0.0
921,0.2916594360086791,0.5078019121204217,0.9600000000000024,0.0,0.0
922,0.2913976164680413,0.507314421989976,0.05000000000000182,0.0,0.0
923,0.2912770562770586,0.5067782156810344,0.18000000000000171,0.0,0.0
924,0.29105945945946177,0.5062735516555535,0.09000000000000252,0.0,0.0
925,0.2905291576673889,0.5059866386083727,-0.1999999999999985,0.0,0.0
926,0.289978425026971,0.5057213818234365,-0.21999999999999864,0.0,0.0
927,0.2897521551724161,0.5052233473524179,0.08000000000000229,0.0,0.0
928,0.2892249730893457,0.5049371142032608,-0.1999999999999985,0.0,0.0
929,0.2887956989247335,0.504564963598275,-0.10999999999999854,0.0,0.0
930,0.28978517722878855,0.5049339322961801,1.2100000000000029,0.0,0.0
931,0.28976394849785636,0.5043919957773053,0.2700000000000031,0.0,0.0
932,0.28969989281886616,0.503854630869089,0.2300000000000031,0.0,0.0
933,0.28917558886509864,0.5035713453412946,-0.1999999999999985,0.0,0.0
934,0.28885561497326434,0.5031279181028084,-0.00999999999999801,0.0,0.0
935,0.29017094017094247,0.5042091686091704,1.5200000000000045,0.0,0.0
936,0.29070437566702473,0.5039371101624588,0.7900000000000038,0.0,0.0
937,0.29019189765458653,0.5036456408307619,-0.1899999999999985,0.0,0.0
938,0.29109691160809603,0.5038777933699844,1.1400000000000028,0.0,0.0
939,0.29070212765957676,0.5034876854054808,-0.0799999999999983,0.0,0.0
940,0.29018065887354105,0.5032079460510567,-0.1999999999999985,0.0,0.0
941,0.2906157112526562,0.5028514802204838,0.7000000000000037,0.0,0.0
942,0.2905514316012748,0.5023215639655723,0.2300000000000031,0.0,0.0
943,0.29123940677966326,0.5022356838749412,0.9400000000000024,0.0,0.0
944,0.29118518518518743,0.5017064328311381,0.2400000000000031,0.0,0.0
945,0.2908773784355202,0.501265155318413,1.9984014443252818e-15,0.0,0.0
946,0.29051742344245207,0.5008579772331025,-0.049999999999998046,0.0,0.0
947,0.2903270042194115,0.5003634621211127,0.11000000000000254,0.0,0.0
948,0.28981032665964396,0.5000889935219415,-0.1999999999999985,0.0,0.0
949,0.2898421052631601,0.4995629887416136,0.3200000000000027,0.0,0.0
950,0.28958990536277823,0.4990976211190456,0.05000000000000182,0.0,0.0
951,0.28927521008403584,0.49866708716609864,-0.009999999999998233,0.0,0.0
952,0.2892130115424996,0.4981469640322045,0.23000000000000287,0.0,0.0
953,0.28890985324947815,0.49771192680732557,1.9984014443252818e-15,0.0,0.0
954,0.2952041884816777,0.5350260326868428,6.300000000000008,0.0,0.0
955,0.29468619246862154,0.5347223097986833,-0.1999999999999985,0.0,0.0
956,0.2949947753396052,0.534254105621212,0.5900000000000036,0.0,0.0
957,0.29640918580376013,0.5356123799364336,1.650000000000005,0.0,0.0
958,0.29601668404588344,0.5352010268612288,-0.07999999999999807,0.0,0.0
959,0.29564583333333566,0.5347749734967,-0.059999999999998055,0.0,0.0
960,0.2964099895941751,0.5347790775667728,1.030000000000004,0.0,0.0
961,0.29589397089397323,0.5344787525338535,-0.1999999999999985,0.0,0.0
962,0.29537902388369913,0.5341785204327281,-0.1999999999999985,0.0,0.0
963,0.29498962655601896,0.533769989508066,-0.07999999999999807,0.0,0.0
964,0.2946010362694324,0.533362003525898,-0.07999999999999807,0.0,0.0
965,0.2945445134575593,0.5328123829905941,0.2400000000000031,0.0,0.0
966,0.2950672182006228,0.5325250213569555,0.8000000000000023,0.0,0.0
967,0.2945557851239693,0.5322275170502639,-0.1999999999999985,0.0,0.0
968,0.29404540763674125,0.5319301053740351,-0.1999999999999985,0.0,0.0
969,0.29420618556701267,0.5314062319534454,0.4500000000000035,0.0,0.0
970,0.2938208032955739,0.5310026029069849,-0.07999999999999807,0.0,0.0
971,0.2939609053497966,0.5304748203031979,0.4300000000000035,0.0,0.0
972,0.2934532374100743,0.5301798324303539,-0.1999999999999985,0.0,0.0
973,0.29312114989733296,0.5297423552973423,-0.02999999999999836,0.0,0.0
974,0.292615384615387,0.529447875533093,-0.1999999999999985,0.0,0.0
975,0.29258196721311713,0.5289059419924358,0.26000000000000334,0.0,0.0
976,0.29295803480041177,0.5285022041797426,0.6600000000000035,0.0,0.0
977,0.2926891615541946,0.5280319626459717,0.030000000000001803,0.0,0.0
978,0.2923084780388175,0.5276339292838796,-0.07999999999999807,0.0,0.0
979,0.29294897959183913,0.5274970147589189,0.9200000000000039,0.0,0.0
980,0.29262996941896263,0.527058586407042,-0.01999999999999802,0.0,0.0
981,0.29234215885947284,0.5266026636438585,0.010000000000002007,0.0,0.0
982,0.29202441505595356,0.5261656531711209,-0.01999999999999802,0.0,0.0
983,0.2915243902439048,0.5258764124258761,-0.1999999999999985,0.0,0.0
984,0.29102538071066225,0.5255872605340288,-0.1999999999999985,0.0,0.0
985,0.2905273833671423,0.5252981987417777,-0.1999999999999985,0.0,0.0
986,0.290182370820671,0.5248829281676007,-0.04999999999999827,0.0,0.0
987,0.2896862348178161,0.5245943290099246,-0.1999999999999985,0.0,0.0
988,0.28919110212335924,0.5243058227547579,-0.1999999999999985,0.0,0.0
989,0.2895858585858609,0.5239299597593755,0.6800000000000037,0.0,0.0
990,0.2900706357214958,0.5236336313691936,0.7700000000000038,0.0,0.0
991,0.2896270161290346,0.5233004661916952,-0.14999999999999847,0.0,0.0
992,0.289587109768381,0.5227745269304509,0.2500000000000031,0.0,0.0
993,0.28908450704225586,0.5224991610286109,-0.20999999999999863,0.0,0.0
994,0.2893668341708566,0.5220528180136116,0.5700000000000036,0.0,0.0
995,0.28887550200803447,0.5217685834796495,-0.1999999999999985,0.0,0.0
996,0.2886760280842551,0.5212843899167405,0.09000000000000208,0.0,0.0
997,0.28959919839679593,0.5216120759070823,1.2100000000000042,0.0,0.0
998,0.2891491491491515,0.5212917602973739,-0.15999999999999848,0.0,0.0
999,0.2938400000000024,0.5427740284284308,4.980000000000006,0.0,0.0
